rota,ctas,secoes,utm_campaign,status
/problemas/alto-falante-queimado-curitiba,0,"","",falha
/problemas/amplificador-nao-liga-curitiba,0,"","",falha
/problemas/arquivos-apagados,0,"","",falha
/problemas/assistencia-tecnica-urgente-curitiba,0,"","",falha
/problemas/backup-perdido-curitiba,0,"","",falha
/problemas/cabo-rede-nao-funciona-curitiba,0,"","",falha
/problemas/caixa-som-nao-carrega-curitiba,0,"","",falha
/problemas/caixa-som-sem-audio-curitiba,0,"","",falha
/problemas/caixa-som-sem-bluetooth-curitiba,0,"","",falha
/problemas/camera-seguranca-nao-funciona-curitiba,0,"","",falha
/problemas/celular-bateria-inchada-curitiba,0,"","",falha
/problemas/celular-camera-nao-funciona-curitiba,0,"","",falha
/problemas/celular-com-virus-curitiba,0,"","",falha
/problemas/celular-lento-curitiba,0,"","",falha
/problemas/celular-listras-na-tela-curitiba,0,"","",falha
/problemas/celular-molhou-curitiba,0,"","",falha
/problemas/celular-nao-carrega-curitiba,0,"","",falha
/problemas/celular-nao-liga-curitiba,0,"","",falha
/problemas/celular-sem-sinal-curitiba,0,"","",falha
/problemas/celular-tela-quebrada-curitiba,0,"","",falha
/problemas/celular-touch-nao-funciona-curitiba,0,"","",falha
/problemas/cheiro-de-queimado,0,"","",falha
/problemas/computador-com-cheiro-de-queimado-curitiba,0,"","",falha
/problemas/computador-com-som-estranho-curitiba,0,"","",falha
/problemas/computador-com-tela-preta-curitiba,0,"","",falha
/problemas/computador-com-virus-curitiba,0,"","",falha
/problemas/computador-desliga-sozinho,0,"","",falha
/problemas/computador-desligando-apos-segundos-curitiba,0,"","",falha
/problemas/computador-lento,0,"","",falha
/problemas/computador-lento-curitiba,0,"","",falha
/problemas/computador-liga-e-desliga-curitiba,0,"","",falha
/problemas/computador-muito-barulhento-curitiba,0,"","",falha
/problemas/computador-nao-conecta-bluetooth-curitiba,0,"","",falha
/problemas/computador-nao-da-imagem,0,"","",falha
/problemas/computador-nao-desliga-curitiba,0,"","",falha
/problemas/computador-nao-liga-curitiba,0,"","",falha
/problemas/computador-nao-reconhece-usb-curitiba,0,"","",falha
/problemas/computador-reiniciando-sozinho-curitiba,0,"","",falha
/problemas/computador-sem-video-curitiba,0,"","",falha
/problemas/computador-sem-wifi-curitiba,0,"","",falha
/problemas/computador-travando-curitiba,0,"","",falha
/problemas/conserto-computador-domicilio-curitiba,0,"","",falha
/problemas/curto-em-placa-eletronica,0,"","",falha
/problemas/custo-reparo-vs-novo,0,"","",falha
/problemas/erro-0x0000007b-curitiba,0,"","",falha
/problemas/erro-0x80004005-curitiba,0,"","",falha
/problemas/erro-0x80070005-curitiba,0,"","",falha
/problemas/erro-0x80070057-curitiba,0,"","",falha
/problemas/erro-0x800f081f-curitiba,0,"","",falha
/problemas/erro-0x80240034-curitiba,0,"","",falha
/problemas/erro-0xc00000e-curitiba,0,"","",falha
/problemas/erro-0xc000021a-curitiba,0,"","",falha
/problemas/erro-ao-instalar-memoria-ram,0,"","",falha
/problemas/erro-ao-instalar-windows-curitiba,0,"","",falha
/problemas/erro-apos-formatacao,0,"","",falha
/problemas/erro-atualizacao-windows-11-curitiba,0,"","",falha
/problemas/erro-bios-curitiba,0,"","",falha
/problemas/erro-disco-100-porcento-curitiba,0,"","",falha
/problemas/erro-disco-cheio-curitiba,0,"","",falha
/problemas/erro-driver-windows-curitiba,0,"","",falha
/problemas/erro-particao-windows-curitiba,0,"","",falha
/problemas/erro-registro-windows-curitiba,0,"","",falha
/problemas/erro-windows-update-curitiba,0,"","",falha
/problemas/erros-comuns-em-upgrade,0,"","",falha
/problemas/fonte-queimada-curitiba,0,"","",falha
/problemas/formatacao-resolve-curitiba,0,"","",falha
/problemas/gpu-desgastada,0,"","",falha
/problemas/hd-externo-nao-reconhece-curitiba,0,"","",falha
/problemas/hd-fazendo-barulho,0,"","",falha
/problemas/hd-fazendo-barulho-curitiba,0,"","",falha
/problemas/impressora-cartucho-nao-reconhece-curitiba,0,"","",falha
/problemas/impressora-erro-conexao-usb-wifi-curitiba,0,"","",falha
/problemas/impressora-nao-imprime-curitiba,0,"","",falha
/problemas/impressora-papel-preso-curitiba,0,"","",falha
/problemas/impressora-tinta-nao-sai-curitiba,0,"","",falha
/problemas/internet-lenta-curitiba,0,"","",falha
/problemas/listras-tela-celular-apos-atualizacao-curitiba,0,"","",falha
/problemas/manutencao-notebook-curitiba-rapido,0,"","",falha
/problemas/memoria-ram-com-defeito-curitiba,0,"","",falha
/problemas/microsoldagem-celular-curitiba,0,"","",falha
/problemas/monitor-piscando-curitiba,0,"","",falha
/problemas/monitor-sem-sinal-curitiba,0,"","",falha
/problemas/mouse-nao-funciona-curitiba,0,"","",falha
/problemas/notebook-apos-upgrade-nao-liga-curitiba,0,"","",falha
/problemas/notebook-bateria-nao-carrega-curitiba,0,"","",falha
/problemas/notebook-com-agua-ou-liquido-curitiba,0,"","",falha
/problemas/notebook-com-tela-piscando-curitiba,0,"","",falha
/problemas/notebook-com-tela-quebrada-curitiba,0,"","",falha
/problemas/notebook-desliga-sozinho-curitiba,0,"","",falha
/problemas/notebook-desligando-sozinho-curitiba,0,"","",falha
/problemas/notebook-esquentando-curitiba,0,"","",falha
/problemas/notebook-esquentando-desligando-curitiba,0,"","",falha
/problemas/notebook-esquentando-muito-curitiba,0,"","",falha
/problemas/notebook-lento-curitiba,0,"","",falha
/problemas/notebook-molhado,0,"","",falha
/problemas/notebook-nao-carrega,0,"","",falha
/problemas/notebook-nao-carrega-bateria-curitiba,0,"","",falha
/problemas/notebook-nao-carrega-curitiba,0,"","",falha
/problemas/notebook-nao-conecta-bluetooth-curitiba,0,"","",falha
/problemas/notebook-nao-liga,0,"","",falha
/problemas/notebook-nao-liga-curitiba,0,"","",falha
/problemas/notebook-sem-audio-curitiba,0,"","",falha
/problemas/notebook-sem-imagem-curitiba,0,"","",falha
/problemas/notebook-sem-som-curitiba,0,"","",falha
/problemas/notebook-sem-webcam-curitiba,0,"","",falha
/problemas/notebook-sem-wifi-curitiba,0,"","",falha
/problemas/notebook-superaquecendo-curitiba,0,"","",falha
/problemas/notebook-teclado-nao-funciona-curitiba,0,"","",falha
/problemas/notebook-tela-amarelada-curitiba,0,"","",falha
/problemas/notebook-tela-escura-curitiba,0,"","",falha
/problemas/notebook-tela-preta-curitiba,0,"","",falha
/problemas/notebook-touchpad-nao-funciona-curitiba,0,"","",falha
/problemas/o-que-causa-curto-em-placa,0,"","",falha
/problemas/o-que-fazer-computador-nao-liga,0,"","",falha
/problemas/o-que-fazer-notebook-lento,0,"","",falha
/problemas/pc-com-barulho-estranho-curitiba,0,"","",falha
/problemas/pc-com-pop-ups-e-propagandas-curitiba,0,"","",falha
/problemas/pc-com-programas-pesados,0,"","",falha
/problemas/pc-com-tela-congelada-curitiba,0,"","",falha
/problemas/pc-com-tela-preta-curitiba,0,"","",falha
/problemas/pc-com-virus-ransomware-curitiba,0,"","",falha
/problemas/pc-desligando-sozinho-curitiba,0,"","",falha
/problemas/pc-fazendo-barulho-estranho-curitiba,0,"","",falha
/problemas/pc-nao-conecta-bluetooth-curitiba,0,"","",falha
/problemas/pc-nao-conecta-internet-curitiba,0,"","",falha
/problemas/pc-nao-conecta-wifi-curitiba,0,"","",falha
/problemas/pc-nao-entra-modo-seguro-curitiba,0,"","",falha
/problemas/pc-nao-reconhece-hd-curitiba,0,"","",falha
/problemas/pc-nao-reconhece-segundo-monitor-curitiba,0,"","",falha
/problemas/pc-nao-reconhece-usb-curitiba,0,"","",falha
/problemas/pc-reiniciando-sozinho-curitiba,0,"","",falha
/problemas/pc-sem-audio-curitiba,0,"","",falha
/problemas/pc-sem-imagem-curitiba,0,"","",falha
/problemas/pc-sem-som-hdmi-curitiba,0,"","",falha
/problemas/pc-superaquecendo-curitiba,0,"","",falha
/problemas/pc-trava-ao-jogar-curitiba,0,"","",falha
/problemas/pc-travando-em-jogos-curitiba,0,"","",falha
/problemas/pc-travando-jogos-curitiba,0,"","",falha
/problemas/pen-drive-nao-reconhece-curitiba,0,"","",falha
/problemas/placa-de-video-nao-funciona-curitiba,0,"","",falha
/problemas/placa-mae-com-defeito-curitiba,0,"","",falha
/problemas/placa-mae-queimada,0,"","",falha
/problemas/por-que-conserto-placa-mae-custa-caro-curitiba,0,"","",falha
/problemas/por-que-display-e-caro-curitiba,0,"","",falha
/problemas/quando-nao-compensa-reparo,0,"","",falha
/problemas/quando-trocar-computador,0,"","",falha
/problemas/quanto-custa-trocar-tela-celular-curitiba,0,"","",falha
/problemas/quanto-custa-trocar-tela-tv-curitiba,0,"","",falha
/problemas/radio-nao-liga-curitiba,0,"","",falha
/problemas/reballing-bga-curitiba,0,"","",falha
/problemas/recapacitacao-placa-eletronica-curitiba,0,"","",falha
/problemas/receiver-sem-som-curitiba,0,"","",falha
/problemas/reflow-bga-curitiba,0,"","",falha
/problemas/reparo-placa-mae-celular-curitiba,0,"","",falha
/problemas/reparo-placa-mae-notebook-curitiba,0,"","",falha
/problemas/reparo-placa-principal-tv-curitiba,0,"","",falha
/problemas/reparo-placa-som-amplificador-curitiba,0,"","",falha
/problemas/riscos-de-tentar-consertar,0,"","",falha
/problemas/smart-tv-lenta-curitiba,0,"","",falha
/problemas/som-automotivo-nao-funciona-curitiba,0,"","",falha
/problemas/som-chiando-curitiba,0,"","",falha
/problemas/som-nao-funciona-curitiba,0,"","",falha
/problemas/ssd-nao-reconhece-curitiba,0,"","",falha
/problemas/teclado-mouse-nao-funciona-curitiba,0,"","",falha
/problemas/teclado-nao-funciona-curitiba,0,"","",falha
/problemas/tecnico-computador-perto-de-mim,0,"","",falha
/problemas/tecnico-informatica-emergencia-curitiba,0,"","",falha
/problemas/tela-azul,0,"","",falha
/problemas/tela-azul-windows-curitiba,0,"","",falha
/problemas/troca-chip-bga-curitiba,0,"","",falha
/problemas/tv-cheiro-queimado-curitiba,0,"","",falha
/problemas/tv-com-linhas-na-tela-curitiba,0,"","",falha
/problemas/tv-com-som-sem-imagem-curitiba,0,"","",falha
/problemas/tv-com-tela-escura-curitiba,0,"","",falha
/problemas/tv-controle-nao-funciona-curitiba,0,"","",falha
/problemas/tv-demora-ligar-curitiba,0,"","",falha
/problemas/tv-desliga-sozinha-curitiba,0,"","",falha
/problemas/tv-desligando-sozinha-curitiba,0,"","",falha
/problemas/tv-imagem-fantasma-curitiba,0,"","",falha
/problemas/tv-listras-horizontais-verticais-conserto-curitiba,0,"","",falha
/problemas/tv-listras-na-tela-curitiba,0,"","",falha
/problemas/tv-manchas-na-tela-curitiba,0,"","",falha
/problemas/tv-nao-conecta-wifi-bluetooth-curitiba,0,"","",falha
/problemas/tv-nao-liga-curitiba,0,"","",falha
/problemas/tv-pixel-morto-curitiba,0,"","",falha
/problemas/tv-sem-cores-curitiba,0,"","",falha
/problemas/tv-sem-hdmi-curitiba,0,"","",falha
/problemas/tv-sem-imagem-curitiba,0,"","",falha
/problemas/tv-sem-som-curitiba,0,"","",falha
/problemas/tv-sem-wifi-curitiba,0,"","",falha
/problemas/tv-som-sem-video-curitiba,0,"","",falha
/problemas/tv-tela-quebrada-curitiba,0,"","",falha
/problemas/tv-travando-lenta-curitiba,0,"","",falha
/problemas/upgrade-deu-problema,0,"","",falha
/problemas/vale-a-pena-consertar-computador,0,"","",falha
/problemas/vale-a-pena-consertar-notebook,0,"","",falha
/problemas/wifi-caindo-curitiba,0,"","",falha
/problemas/wifi-instavel,0,"","",falha
/problemas/windows-lento-curitiba,0,"","",falha
/problemas/windows-travando-na-atualizacao-curitiba,0,"","",falha