source_url,target_url,status_code,preserve_query_string,include_subdomains,subpath_matching,preserve_path_suffix
https://tecnicocuritiba.com.br/,https://tecnico.curitiba.br/,301,true,true,false,false
https://tecnicocuritiba.com.br/arrumar-pc,https://tecnico.curitiba.br/arrumar-pc,301,true,true,false,false
https://tecnicocuritiba.com.br/arrumar-pc/online,https://tecnico.curitiba.br/arrumar-pc/online,301,true,true,false,false
https://tecnicocuritiba.com.br/assistencia-eletrodomesticos-inteligentes-curitiba,https://tecnico.curitiba.br/assistencia-eletrodomesticos-inteligentes-curitiba,301,true,true,false,false
https://tecnicocuritiba.com.br/assistencia-tecnica-curitiba,https://tecnico.curitiba.br/assistencia-tecnica-curitiba,301,true,true,false,false
https://tecnicocuritiba.com.br/atendimento,https://tecnico.curitiba.br/atendimento-domicilio,301,true,true,false,false
https://tecnicocuritiba.com.br/atendimento-domicilio,https://tecnico.curitiba.br/atendimento-domicilio,301,true,true,false,false
https://tecnicocuritiba.com.br/atendimento-remoto,https://tecnico.curitiba.br/atendimento-remoto,301,true,true,false,false
https://tecnicocuritiba.com.br/atendimento/almirante-tamandare,https://tecnico.curitiba.br/tecnico-informatica-almirante-tamandare,301,true,true,false,false
https://tecnicocuritiba.com.br/atendimento/almirante-tamandare/centro,https://tecnico.curitiba.br/tecnico-informatica-almirante-tamandare,301,true,true,false,false
https://tecnicocuritiba.com.br/atendimento/almirante-tamandare/tranqueira,https://tecnico.curitiba.br/tecnico-informatica-almirante-tamandare,301,true,true,false,false
https://tecnicocuritiba.com.br/atendimento/araucaria,https://tecnico.curitiba.br/tecnico-informatica-araucaria,301,true,true,false,false
https://tecnicocuritiba.com.br/atendimento/araucaria/cachoeira,https://tecnico.curitiba.br/tecnico-informatica-araucaria,301,true,true,false,false
https://tecnicocuritiba.com.br/atendimento/araucaria/capela-velha,https://tecnico.curitiba.br/tecnico-informatica-araucaria,301,true,true,false,false
https://tecnicocuritiba.com.br/atendimento/araucaria/centro,https://tecnico.curitiba.br/tecnico-informatica-araucaria,301,true,true,false,false
https://tecnicocuritiba.com.br/atendimento/araucaria/iguacu,https://tecnico.curitiba.br/tecnico-informatica-araucaria,301,true,true,false,false
https://tecnicocuritiba.com.br/atendimento/campo-largo,https://tecnico.curitiba.br/tecnico-informatica-campo-largo,301,true,true,false,false
https://tecnicocuritiba.com.br/atendimento/campo-largo/centro,https://tecnico.curitiba.br/tecnico-informatica-campo-largo,301,true,true,false,false
https://tecnicocuritiba.com.br/atendimento/campo-largo/cercadinho,https://tecnico.curitiba.br/tecnico-informatica-campo-largo,301,true,true,false,false
https://tecnicocuritiba.com.br/atendimento/campo-largo/sao-caetano,https://tecnico.curitiba.br/tecnico-informatica-campo-largo,301,true,true,false,false
https://tecnicocuritiba.com.br/atendimento/campo-magro,https://tecnico.curitiba.br/tecnico-informatica-campo-magro,301,true,true,false,false
https://tecnicocuritiba.com.br/atendimento/campo-magro/centro,https://tecnico.curitiba.br/tecnico-informatica-campo-magro,301,true,true,false,false
https://tecnicocuritiba.com.br/atendimento/colombo,https://tecnico.curitiba.br/tecnico-informatica-colombo,301,true,true,false,false
https://tecnicocuritiba.com.br/atendimento/colombo/alto-maracana,https://tecnico.curitiba.br/tecnico-informatica-colombo,301,true,true,false,false
https://tecnicocuritiba.com.br/atendimento/colombo/atuba,https://tecnico.curitiba.br/tecnico-informatica-colombo,301,true,true,false,false
https://tecnicocuritiba.com.br/atendimento/colombo/centro,https://tecnico.curitiba.br/tecnico-informatica-colombo,301,true,true,false,false
https://tecnicocuritiba.com.br/atendimento/colombo/sao-gabriel,https://tecnico.curitiba.br/tecnico-informatica-colombo,301,true,true,false,false
https://tecnicocuritiba.com.br/atendimento/curitiba,https://tecnico.curitiba.br/tecnico-informatica-curitiba,301,true,true,false,false
https://tecnicocuritiba.com.br/atendimento/curitiba/agua-verde,https://tecnico.curitiba.br/tecnico-informatica-curitiba,301,true,true,false,false
https://tecnicocuritiba.com.br/atendimento/curitiba/bacacheri,https://tecnico.curitiba.br/tecnico-informatica-curitiba,301,true,true,false,false
https://tecnicocuritiba.com.br/atendimento/curitiba/batel,https://tecnico.curitiba.br/tecnico-informatica-curitiba,301,true,true,false,false
https://tecnicocuritiba.com.br/atendimento/curitiba/boa-vista,https://tecnico.curitiba.br/tecnico-informatica-curitiba,301,true,true,false,false
https://tecnicocuritiba.com.br/atendimento/curitiba/boqueirao,https://tecnico.curitiba.br/tecnico-informatica-curitiba,301,true,true,false,false
https://tecnicocuritiba.com.br/atendimento/curitiba/cabral,https://tecnico.curitiba.br/tecnico-informatica-curitiba,301,true,true,false,false
https://tecnicocuritiba.com.br/atendimento/curitiba/cajuru,https://tecnico.curitiba.br/tecnico-informatica-curitiba,301,true,true,false,false
https://tecnicocuritiba.com.br/atendimento/curitiba/centro,https://tecnico.curitiba.br/tecnico-informatica-curitiba,301,true,true,false,false
https://tecnicocuritiba.com.br/atendimento/curitiba/cic,https://tecnico.curitiba.br/tecnico-informatica-curitiba,301,true,true,false,false
https://tecnicocuritiba.com.br/atendimento/curitiba/hauer,https://tecnico.curitiba.br/tecnico-informatica-curitiba,301,true,true,false,false
https://tecnicocuritiba.com.br/atendimento/curitiba/novo-mundo,https://tecnico.curitiba.br/tecnico-informatica-curitiba,301,true,true,false,false
https://tecnicocuritiba.com.br/atendimento/curitiba/pinheirinho,https://tecnico.curitiba.br/tecnico-informatica-curitiba,301,true,true,false,false
https://tecnicocuritiba.com.br/atendimento/curitiba/portao,https://tecnico.curitiba.br/tecnico-informatica-curitiba,301,true,true,false,false
https://tecnicocuritiba.com.br/atendimento/curitiba/santa-felicidade,https://tecnico.curitiba.br/tecnico-informatica-curitiba,301,true,true,false,false
https://tecnicocuritiba.com.br/atendimento/curitiba/sitio-cercado,https://tecnico.curitiba.br/tecnico-informatica-curitiba,301,true,true,false,false
https://tecnicocuritiba.com.br/atendimento/curitiba/tatuquara,https://tecnico.curitiba.br/tecnico-informatica-curitiba,301,true,true,false,false
https://tecnicocuritiba.com.br/atendimento/curitiba/uberaba,https://tecnico.curitiba.br/tecnico-informatica-curitiba,301,true,true,false,false
https://tecnicocuritiba.com.br/atendimento/fazenda-rio-grande,https://tecnico.curitiba.br/tecnico-informatica-fazenda-rio-grande,301,true,true,false,false
https://tecnicocuritiba.com.br/atendimento/fazenda-rio-grande/centro,https://tecnico.curitiba.br/tecnico-informatica-fazenda-rio-grande,301,true,true,false,false
https://tecnicocuritiba.com.br/atendimento/fazenda-rio-grande/eucaliptos,https://tecnico.curitiba.br/tecnico-informatica-fazenda-rio-grande,301,true,true,false,false
https://tecnicocuritiba.com.br/atendimento/fazenda-rio-grande/nacoes,https://tecnico.curitiba.br/tecnico-informatica-fazenda-rio-grande,301,true,true,false,false
https://tecnicocuritiba.com.br/atendimento/pinhais,https://tecnico.curitiba.br/tecnico-informatica-pinhais,301,true,true,false,false
https://tecnicocuritiba.com.br/atendimento/pinhais/atuba,https://tecnico.curitiba.br/tecnico-informatica-pinhais,301,true,true,false,false
https://tecnicocuritiba.com.br/atendimento/pinhais/centro,https://tecnico.curitiba.br/tecnico-informatica-pinhais,301,true,true,false,false
https://tecnicocuritiba.com.br/atendimento/pinhais/estancia-pinhais,https://tecnico.curitiba.br/tecnico-informatica-pinhais,301,true,true,false,false
https://tecnicocuritiba.com.br/atendimento/pinhais/weissopolis,https://tecnico.curitiba.br/tecnico-informatica-pinhais,301,true,true,false,false
https://tecnicocuritiba.com.br/atendimento/piraquara,https://tecnico.curitiba.br/tecnico-informatica-piraquara,301,true,true,false,false
https://tecnicocuritiba.com.br/atendimento/piraquara/centro,https://tecnico.curitiba.br/tecnico-informatica-piraquara,301,true,true,false,false
https://tecnicocuritiba.com.br/atendimento/piraquara/guarituba,https://tecnico.curitiba.br/tecnico-informatica-piraquara,301,true,true,false,false
https://tecnicocuritiba.com.br/atendimento/quatro-barras,https://tecnico.curitiba.br/tecnico-informatica-quatro-barras,301,true,true,false,false
https://tecnicocuritiba.com.br/atendimento/quatro-barras/centro,https://tecnico.curitiba.br/tecnico-informatica-quatro-barras,301,true,true,false,false
https://tecnicocuritiba.com.br/atendimento/sao-jose-dos-pinhais,https://tecnico.curitiba.br/tecnico-informatica-sao-jose-pinhais,301,true,true,false,false
https://tecnicocuritiba.com.br/atendimento/sao-jose-dos-pinhais/afonso-pena,https://tecnico.curitiba.br/tecnico-informatica-sao-jose-pinhais,301,true,true,false,false
https://tecnicocuritiba.com.br/atendimento/sao-jose-dos-pinhais/aviacao,https://tecnico.curitiba.br/tecnico-informatica-sao-jose-pinhais,301,true,true,false,false
https://tecnicocuritiba.com.br/atendimento/sao-jose-dos-pinhais/centro,https://tecnico.curitiba.br/tecnico-informatica-sao-jose-pinhais,301,true,true,false,false
https://tecnicocuritiba.com.br/atendimento/sao-jose-dos-pinhais/cidade-jardim,https://tecnico.curitiba.br/tecnico-informatica-sao-jose-pinhais,301,true,true,false,false
https://tecnicocuritiba.com.br/atendimento/sao-jose-dos-pinhais/guatupe,https://tecnico.curitiba.br/tecnico-informatica-sao-jose-pinhais,301,true,true,false,false
https://tecnicocuritiba.com.br/atendimento/sao-jose-dos-pinhais/sao-pedro,https://tecnico.curitiba.br/tecnico-informatica-sao-jose-pinhais,301,true,true,false,false
https://tecnicocuritiba.com.br/autor/tecnico-curitiba,https://tecnico.curitiba.br/gestor-responsavel,301,true,true,false,false
https://tecnicocuritiba.com.br/bairros/academia-sjp,https://tecnico.curitiba.br/bairros/academia-sjp,301,true,true,false,false
https://tecnicocuritiba.com.br/bairros/afonso-pena,https://tecnico.curitiba.br/bairros/afonso-pena,301,true,true,false,false
https://tecnicocuritiba.com.br/bairros/agricola-sjp,https://tecnico.curitiba.br/bairros/agricola-sjp,301,true,true,false,false
https://tecnicocuritiba.com.br/bairros/agua-verde,https://tecnico.curitiba.br/bairros/agua-verde,301,true,true,false,false
https://tecnicocuritiba.com.br/bairros/alto-boqueirao,https://tecnico.curitiba.br/bairros/alto-boqueirao,301,true,true,false,false
https://tecnicocuritiba.com.br/bairros/alto-da-gloria,https://tecnico.curitiba.br/bairros/alto-da-gloria,301,true,true,false,false
https://tecnicocuritiba.com.br/bairros/alto-maracana,https://tecnico.curitiba.br/bairros/alto-maracana,301,true,true,false,false
https://tecnicocuritiba.com.br/bairros/alto-taruma,https://tecnico.curitiba.br/bairros/alto-taruma,301,true,true,false,false
https://tecnicocuritiba.com.br/bairros/antonio-olivero-cm,https://tecnico.curitiba.br/bairros/antonio-olivero-cm,301,true,true,false,false
https://tecnicocuritiba.com.br/bairros/aristocrata,https://tecnico.curitiba.br/bairros/aristocrata,301,true,true,false,false
https://tecnicocuritiba.com.br/bairros/atuba-colombo,https://tecnico.curitiba.br/bairros/atuba-colombo,301,true,true,false,false
https://tecnicocuritiba.com.br/bairros/atuba-pinhais,https://tecnico.curitiba.br/bairros/atuba-pinhais,301,true,true,false,false
https://tecnicocuritiba.com.br/bairros/aviacao,https://tecnico.curitiba.br/bairros/aviacao,301,true,true,false,false
https://tecnicocuritiba.com.br/bairros/bacacheri,https://tecnico.curitiba.br/bairros/bacacheri,301,true,true,false,false
https://tecnicocuritiba.com.br/bairros/barigui-araucaria,https://tecnico.curitiba.br/bairros/barigui-araucaria,301,true,true,false,false
https://tecnicocuritiba.com.br/bairros/barro-preto,https://tecnico.curitiba.br/bairros/barro-preto,301,true,true,false,false
https://tecnicocuritiba.com.br/bairros/bateias,https://tecnico.curitiba.br/bairros/bateias,301,true,true,false,false
https://tecnicocuritiba.com.br/bairros/batel,https://tecnico.curitiba.br/bairros/batel,301,true,true,false,false
https://tecnicocuritiba.com.br/bairros/bigorrilho,https://tecnico.curitiba.br/bairros/bigorrilho,301,true,true,false,false
https://tecnicocuritiba.com.br/bairros/boa-vista,https://tecnico.curitiba.br/bairros/boa-vista,301,true,true,false,false
https://tecnicocuritiba.com.br/bairros/boa-vista-at,https://tecnico.curitiba.br/bairros/boa-vista-at,301,true,true,false,false
https://tecnicocuritiba.com.br/bairros/boneca-do-iguacu-sjp,https://tecnico.curitiba.br/bairros/boneca-do-iguacu-sjp,301,true,true,false,false
https://tecnicocuritiba.com.br/bairros/boqueirao,https://tecnico.curitiba.br/bairros/boqueirao,301,true,true,false,false
https://tecnicocuritiba.com.br/bairros/boqueirao-araucaria,https://tecnico.curitiba.br/bairros/boqueirao-araucaria,301,true,true,false,false
https://tecnicocuritiba.com.br/bairros/borda-campo-sjp,https://tecnico.curitiba.br/bairros/borda-campo-sjp,301,true,true,false,false
https://tecnicocuritiba.com.br/bairros/borda-do-campo-qb,https://tecnico.curitiba.br/bairros/borda-do-campo-qb,301,true,true,false,false
https://tecnicocuritiba.com.br/bairros/borda-do-campo-sjp,https://tecnico.curitiba.br/bairros/borda-do-campo-sjp,301,true,true,false,false
https://tecnicocuritiba.com.br/bairros/botiatuva,https://tecnico.curitiba.br/bairros/botiatuva,301,true,true,false,false
https://tecnicocuritiba.com.br/bairros/botiatuva-cm,https://tecnico.curitiba.br/bairros/botiatuva-cm,301,true,true,false,false
https://tecnicocuritiba.com.br/bairros/braga,https://tecnico.curitiba.br/bairros/braga,301,true,true,false,false
https://tecnicocuritiba.com.br/bairros/cabral,https://tecnico.curitiba.br/bairros/cabral,301,true,true,false,false
https://tecnicocuritiba.com.br/bairros/cachoeira-araucaria,https://tecnico.curitiba.br/bairros/cachoeira-araucaria,301,true,true,false,false
https://tecnicocuritiba.com.br/bairros/cachoeira-at,https://tecnico.curitiba.br/bairros/cachoeira-at,301,true,true,false,false
https://tecnicocuritiba.com.br/bairros/caiua-piraquara,https://tecnico.curitiba.br/bairros/caiua-piraquara,301,true,true,false,false
https://tecnicocuritiba.com.br/bairros/cajuru,https://tecnico.curitiba.br/bairros/cajuru,301,true,true,false,false
https://tecnicocuritiba.com.br/bairros/california-araucaria,https://tecnico.curitiba.br/bairros/california-araucaria,301,true,true,false,false
https://tecnicocuritiba.com.br/bairros/campina-da-barra,https://tecnico.curitiba.br/bairros/campina-da-barra,301,true,true,false,false
https://tecnicocuritiba.com.br/bairros/campina-grande-colombo,https://tecnico.curitiba.br/bairros/campina-grande-colombo,301,true,true,false,false
https://tecnicocuritiba.com.br/bairros/campo-comprido,https://tecnico.curitiba.br/bairros/campo-comprido,301,true,true,false,false
https://tecnicocuritiba.com.br/bairros/campo-largo-roseira-sjp,https://tecnico.curitiba.br/bairros/campo-largo-roseira-sjp,301,true,true,false,false
https://tecnicocuritiba.com.br/bairros/campo-pequeno,https://tecnico.curitiba.br/bairros/campo-pequeno,301,true,true,false,false
https://tecnicocuritiba.com.br/bairros/campo-tenente-at,https://tecnico.curitiba.br/bairros/campo-tenente-at,301,true,true,false,false
https://tecnicocuritiba.com.br/bairros/capao-da-imbuia,https://tecnico.curitiba.br/bairros/capao-da-imbuia,301,true,true,false,false
https://tecnicocuritiba.com.br/bairros/capela-velha,https://tecnico.curitiba.br/bairros/capela-velha,301,true,true,false,false
https://tecnicocuritiba.com.br/bairros/centro,https://tecnico.curitiba.br/bairros/centro,301,true,true,false,false
https://tecnicocuritiba.com.br/bairros/centro-almirante-tamandare,https://tecnico.curitiba.br/bairros/centro-almirante-tamandare,301,true,true,false,false
https://tecnicocuritiba.com.br/bairros/centro-araucaria,https://tecnico.curitiba.br/bairros/centro-araucaria,301,true,true,false,false
https://tecnicocuritiba.com.br/bairros/centro-campo-largo,https://tecnico.curitiba.br/bairros/centro-campo-largo,301,true,true,false,false
https://tecnicocuritiba.com.br/bairros/centro-campo-magro,https://tecnico.curitiba.br/bairros/centro-campo-magro,301,true,true,false,false
https://tecnicocuritiba.com.br/bairros/centro-colombo,https://tecnico.curitiba.br/bairros/centro-colombo,301,true,true,false,false
https://tecnicocuritiba.com.br/bairros/centro-fazenda-rio-grande,https://tecnico.curitiba.br/bairros/centro-fazenda-rio-grande,301,true,true,false,false
https://tecnicocuritiba.com.br/bairros/centro-pinhais,https://tecnico.curitiba.br/bairros/centro-pinhais,301,true,true,false,false
https://tecnicocuritiba.com.br/bairros/centro-piraquara,https://tecnico.curitiba.br/bairros/centro-piraquara,301,true,true,false,false
https://tecnicocuritiba.com.br/bairros/centro-quatro-barras,https://tecnico.curitiba.br/bairros/centro-quatro-barras,301,true,true,false,false
https://tecnicocuritiba.com.br/bairros/chapada,https://tecnico.curitiba.br/bairros/chapada,301,true,true,false,false
https://tecnicocuritiba.com.br/bairros/cic,https://tecnico.curitiba.br/bairros/cic,301,true,true,false,false
https://tecnicocuritiba.com.br/bairros/cidade-jardim-sjp,https://tecnico.curitiba.br/bairros/cidade-jardim-sjp,301,true,true,false,false
https://tecnicocuritiba.com.br/bairros/colonia-antonio-prado,https://tecnico.curitiba.br/bairros/colonia-antonio-prado,301,true,true,false,false
https://tecnicocuritiba.com.br/bairros/colonia-malhada-cl,https://tecnico.curitiba.br/bairros/colonia-malhada-cl,301,true,true,false,false
https://tecnicocuritiba.com.br/bairros/colonia-murici-sjp,https://tecnico.curitiba.br/bairros/colonia-murici-sjp,301,true,true,false,false
https://tecnicocuritiba.com.br/bairros/correia-de-freitas,https://tecnico.curitiba.br/bairros/correia-de-freitas,301,true,true,false,false
https://tecnicocuritiba.com.br/bairros/costeira,https://tecnico.curitiba.br/bairros/costeira,301,true,true,false,false
https://tecnicocuritiba.com.br/bairros/costeira-araucaria,https://tecnico.curitiba.br/bairros/costeira-araucaria,301,true,true,false,false
https://tecnicocuritiba.com.br/bairros/cristo-rei,https://tecnico.curitiba.br/bairros/cristo-rei,301,true,true,false,false
https://tecnicocuritiba.com.br/bairros/cruzeiro,https://tecnico.curitiba.br/bairros/cruzeiro,301,true,true,false,false
https://tecnicocuritiba.com.br/bairros/del-rey,https://tecnico.curitiba.br/bairros/del-rey,301,true,true,false,false
https://tecnicocuritiba.com.br/bairros/embu-colombo,https://tecnico.curitiba.br/bairros/embu-colombo,301,true,true,false,false
https://tecnicocuritiba.com.br/bairros/emiliano-perneta,https://tecnico.curitiba.br/bairros/emiliano-perneta,301,true,true,false,false
https://tecnicocuritiba.com.br/bairros/espigao-alegre-cm,https://tecnico.curitiba.br/bairros/espigao-alegre-cm,301,true,true,false,false
https://tecnicocuritiba.com.br/bairros/estacao-araucaria,https://tecnico.curitiba.br/bairros/estacao-araucaria,301,true,true,false,false
https://tecnicocuritiba.com.br/bairros/estancia-pinhais,https://tecnico.curitiba.br/bairros/estancia-pinhais,301,true,true,false,false
https://tecnicocuritiba.com.br/bairros/eucaliptos-frg,https://tecnico.curitiba.br/bairros/eucaliptos-frg,301,true,true,false,false
https://tecnicocuritiba.com.br/bairros/fatima-colombo,https://tecnico.curitiba.br/bairros/fatima-colombo,301,true,true,false,false
https://tecnicocuritiba.com.br/bairros/fazenda-velha-araucaria,https://tecnico.curitiba.br/bairros/fazenda-velha-araucaria,301,true,true,false,false
https://tecnicocuritiba.com.br/bairros/fazendinha,https://tecnico.curitiba.br/bairros/fazendinha,301,true,true,false,false
https://tecnicocuritiba.com.br/bairros/ferraria,https://tecnico.curitiba.br/bairros/ferraria,301,true,true,false,false
https://tecnicocuritiba.com.br/bairros/gabirobal,https://tecnico.curitiba.br/bairros/gabirobal,301,true,true,false,false
https://tecnicocuritiba.com.br/bairros/graciosa,https://tecnico.curitiba.br/bairros/graciosa,301,true,true,false,false
https://tecnicocuritiba.com.br/bairros/graciosa-qb,https://tecnico.curitiba.br/bairros/graciosa-qb,301,true,true,false,false
https://tecnicocuritiba.com.br/bairros/gralha-azul,https://tecnico.curitiba.br/bairros/gralha-azul,301,true,true,false,false
https://tecnicocuritiba.com.br/bairros/guajuvira,https://tecnico.curitiba.br/bairros/guajuvira,301,true,true,false,false
https://tecnicocuritiba.com.br/bairros/guaraituba-colombo,https://tecnico.curitiba.br/bairros/guaraituba-colombo,301,true,true,false,false
https://tecnicocuritiba.com.br/bairros/guarituba-piraquara,https://tecnico.curitiba.br/bairros/guarituba-piraquara,301,true,true,false,false
https://tecnicocuritiba.com.br/bairros/guatupe,https://tecnico.curitiba.br/bairros/guatupe,301,true,true,false,false
https://tecnicocuritiba.com.br/bairros/hauer,https://tecnico.curitiba.br/bairros/hauer,301,true,true,false,false
https://tecnicocuritiba.com.br/bairros/hortencia-frg,https://tecnico.curitiba.br/bairros/hortencia-frg,301,true,true,false,false
https://tecnicocuritiba.com.br/bairros/hugo-lange,https://tecnico.curitiba.br/bairros/hugo-lange,301,true,true,false,false
https://tecnicocuritiba.com.br/bairros/iguacu-araucaria,https://tecnico.curitiba.br/bairros/iguacu-araucaria,301,true,true,false,false
https://tecnicocuritiba.com.br/bairros/iguacu-frg,https://tecnico.curitiba.br/bairros/iguacu-frg,301,true,true,false,false
https://tecnicocuritiba.com.br/bairros/independencia-sjp,https://tecnico.curitiba.br/bairros/independencia-sjp,301,true,true,false,false
https://tecnicocuritiba.com.br/bairros/industrial-araucaria,https://tecnico.curitiba.br/bairros/industrial-araucaria,301,true,true,false,false
https://tecnicocuritiba.com.br/bairros/ipe-sjp,https://tecnico.curitiba.br/bairros/ipe-sjp,301,true,true,false,false
https://tecnicocuritiba.com.br/bairros/irai-piraquara,https://tecnico.curitiba.br/bairros/irai-piraquara,301,true,true,false,false
https://tecnicocuritiba.com.br/bairros/italia-sjp,https://tecnico.curitiba.br/bairros/italia-sjp,301,true,true,false,false
https://tecnicocuritiba.com.br/bairros/itaqui,https://tecnico.curitiba.br/bairros/itaqui,301,true,true,false,false
https://tecnicocuritiba.com.br/bairros/jardim-amelia,https://tecnico.curitiba.br/bairros/jardim-amelia,301,true,true,false,false
https://tecnicocuritiba.com.br/bairros/jardim-america-campo-largo,https://tecnico.curitiba.br/bairros/jardim-america-campo-largo,301,true,true,false,false
https://tecnicocuritiba.com.br/bairros/jardim-bela-vista-piraquara,https://tecnico.curitiba.br/bairros/jardim-bela-vista-piraquara,301,true,true,false,false
https://tecnicocuritiba.com.br/bairros/jardim-boa-vista-araucaria,https://tecnico.curitiba.br/bairros/jardim-boa-vista-araucaria,301,true,true,false,false
https://tecnicocuritiba.com.br/bairros/jardim-boa-vista-cm,https://tecnico.curitiba.br/bairros/jardim-boa-vista-cm,301,true,true,false,false
https://tecnicocuritiba.com.br/bairros/jardim-botanico,https://tecnico.curitiba.br/bairros/jardim-botanico,301,true,true,false,false
https://tecnicocuritiba.com.br/bairros/jardim-claudia,https://tecnico.curitiba.br/bairros/jardim-claudia,301,true,true,false,false
https://tecnicocuritiba.com.br/bairros/jardim-claudia-ii-pinhais,https://tecnico.curitiba.br/bairros/jardim-claudia-ii-pinhais,301,true,true,false,false
https://tecnicocuritiba.com.br/bairros/jardim-condor-frg,https://tecnico.curitiba.br/bairros/jardim-condor-frg,301,true,true,false,false
https://tecnicocuritiba.com.br/bairros/jardim-das-americas,https://tecnico.curitiba.br/bairros/jardim-das-americas,301,true,true,false,false
https://tecnicocuritiba.com.br/bairros/jardim-das-pedras-frg,https://tecnico.curitiba.br/bairros/jardim-das-pedras-frg,301,true,true,false,false
https://tecnicocuritiba.com.br/bairros/jardim-dona-rosa-pinhais,https://tecnico.curitiba.br/bairros/jardim-dona-rosa-pinhais,301,true,true,false,false
https://tecnicocuritiba.com.br/bairros/jardim-esperanca-cl,https://tecnico.curitiba.br/bairros/jardim-esperanca-cl,301,true,true,false,false
https://tecnicocuritiba.com.br/bairros/jardim-esplanada-pinhais,https://tecnico.curitiba.br/bairros/jardim-esplanada-pinhais,301,true,true,false,false
https://tecnicocuritiba.com.br/bairros/jardim-estados,https://tecnico.curitiba.br/bairros/jardim-estados,301,true,true,false,false
https://tecnicocuritiba.com.br/bairros/jardim-florestal-qb,https://tecnico.curitiba.br/bairros/jardim-florestal-qb,301,true,true,false,false
https://tecnicocuritiba.com.br/bairros/jardim-graziela,https://tecnico.curitiba.br/bairros/jardim-graziela,301,true,true,false,false
https://tecnicocuritiba.com.br/bairros/jardim-guilhermina,https://tecnico.curitiba.br/bairros/jardim-guilhermina,301,true,true,false,false
https://tecnicocuritiba.com.br/bairros/jardim-iguacu-araucaria,https://tecnico.curitiba.br/bairros/jardim-iguacu-araucaria,301,true,true,false,false
https://tecnicocuritiba.com.br/bairros/jardim-ipe-frg,https://tecnico.curitiba.br/bairros/jardim-ipe-frg,301,true,true,false,false
https://tecnicocuritiba.com.br/bairros/jardim-japao-qb,https://tecnico.curitiba.br/bairros/jardim-japao-qb,301,true,true,false,false
https://tecnicocuritiba.com.br/bairros/jardim-karla-pinhais,https://tecnico.curitiba.br/bairros/jardim-karla-pinhais,301,true,true,false,false
https://tecnicocuritiba.com.br/bairros/jardim-laranjeiras-cl,https://tecnico.curitiba.br/bairros/jardim-laranjeiras-cl,301,true,true,false,false
https://tecnicocuritiba.com.br/bairros/jardim-menino-deus-qb,https://tecnico.curitiba.br/bairros/jardim-menino-deus-qb,301,true,true,false,false
https://tecnicocuritiba.com.br/bairros/jardim-monte-santo,https://tecnico.curitiba.br/bairros/jardim-monte-santo,301,true,true,false,false
https://tecnicocuritiba.com.br/bairros/jardim-novo-horizonte-cl,https://tecnico.curitiba.br/bairros/jardim-novo-horizonte-cl,301,true,true,false,false
https://tecnicocuritiba.com.br/bairros/jardim-osasco,https://tecnico.curitiba.br/bairros/jardim-osasco,301,true,true,false,false
https://tecnicocuritiba.com.br/bairros/jardim-paraiso-at,https://tecnico.curitiba.br/bairros/jardim-paraiso-at,301,true,true,false,false
https://tecnicocuritiba.com.br/bairros/jardim-paranagua-at,https://tecnico.curitiba.br/bairros/jardim-paranagua-at,301,true,true,false,false
https://tecnicocuritiba.com.br/bairros/jardim-pedro-demeterco,https://tecnico.curitiba.br/bairros/jardim-pedro-demeterco,301,true,true,false,false
https://tecnicocuritiba.com.br/bairros/jardim-planalto-campo-largo,https://tecnico.curitiba.br/bairros/jardim-planalto-campo-largo,301,true,true,false,false
https://tecnicocuritiba.com.br/bairros/jardim-planalto-ii-cl,https://tecnico.curitiba.br/bairros/jardim-planalto-ii-cl,301,true,true,false,false
https://tecnicocuritiba.com.br/bairros/jardim-primavera-piraquara,https://tecnico.curitiba.br/bairros/jardim-primavera-piraquara,301,true,true,false,false
https://tecnicocuritiba.com.br/bairros/jardim-roma,https://tecnico.curitiba.br/bairros/jardim-roma,301,true,true,false,false
https://tecnicocuritiba.com.br/bairros/jardim-santo-antonio-piraquara,https://tecnico.curitiba.br/bairros/jardim-santo-antonio-piraquara,301,true,true,false,false
https://tecnicocuritiba.com.br/bairros/jardim-sao-jorge-at,https://tecnico.curitiba.br/bairros/jardim-sao-jorge-at,301,true,true,false,false
https://tecnicocuritiba.com.br/bairros/jardim-sao-paulo-piraquara,https://tecnico.curitiba.br/bairros/jardim-sao-paulo-piraquara,301,true,true,false,false
https://tecnicocuritiba.com.br/bairros/jardim-shangrila-araucaria,https://tecnico.curitiba.br/bairros/jardim-shangrila-araucaria,301,true,true,false,false
https://tecnicocuritiba.com.br/bairros/jardim-social,https://tecnico.curitiba.br/bairros/jardim-social,301,true,true,false,false
https://tecnicocuritiba.com.br/bairros/jardim-tropical-pinhais,https://tecnico.curitiba.br/bairros/jardim-tropical-pinhais,301,true,true,false,false
https://tecnicocuritiba.com.br/bairros/jardim-uniao-piraquara,https://tecnico.curitiba.br/bairros/jardim-uniao-piraquara,301,true,true,false,false
https://tecnicocuritiba.com.br/bairros/jardim-wissinger-pinhais,https://tecnico.curitiba.br/bairros/jardim-wissinger-pinhais,301,true,true,false,false
https://tecnicocuritiba.com.br/bairros/joquei-clube-cm,https://tecnico.curitiba.br/bairros/joquei-clube-cm,301,true,true,false,false
https://tecnicocuritiba.com.br/bairros/juveve,https://tecnico.curitiba.br/bairros/juveve,301,true,true,false,false
https://tecnicocuritiba.com.br/bairros/lamenha-grande-cl,https://tecnico.curitiba.br/bairros/lamenha-grande-cl,301,true,true,false,false
https://tecnicocuritiba.com.br/bairros/maracana-colombo,https://tecnico.curitiba.br/bairros/maracana-colombo,301,true,true,false,false
https://tecnicocuritiba.com.br/bairros/maria-antonieta,https://tecnico.curitiba.br/bairros/maria-antonieta,301,true,true,false,false
https://tecnicocuritiba.com.br/bairros/merces,https://tecnico.curitiba.br/bairros/merces,301,true,true,false,false
https://tecnicocuritiba.com.br/bairros/monza-colombo,https://tecnico.curitiba.br/bairros/monza-colombo,301,true,true,false,false
https://tecnicocuritiba.com.br/bairros/nacoes-frg,https://tecnico.curitiba.br/bairros/nacoes-frg,301,true,true,false,false
https://tecnicocuritiba.com.br/bairros/novo-mundo,https://tecnico.curitiba.br/bairros/novo-mundo,301,true,true,false,false
https://tecnicocuritiba.com.br/bairros/osvaldo-cruz-colombo,https://tecnico.curitiba.br/bairros/osvaldo-cruz-colombo,301,true,true,false,false
https://tecnicocuritiba.com.br/bairros/ouro-fino,https://tecnico.curitiba.br/bairros/ouro-fino,301,true,true,false,false
https://tecnicocuritiba.com.br/bairros/ouro-fino-sjp,https://tecnico.curitiba.br/bairros/ouro-fino-sjp,301,true,true,false,false
https://tecnicocuritiba.com.br/bairros/palmital-campo-largo,https://tecnico.curitiba.br/bairros/palmital-campo-largo,301,true,true,false,false
https://tecnicocuritiba.com.br/bairros/palmital-colombo,https://tecnico.curitiba.br/bairros/palmital-colombo,301,true,true,false,false
https://tecnicocuritiba.com.br/bairros/palmital-pinhais,https://tecnico.curitiba.br/bairros/palmital-pinhais,301,true,true,false,false
https://tecnicocuritiba.com.br/bairros/parque-da-fonte,https://tecnico.curitiba.br/bairros/parque-da-fonte,301,true,true,false,false
https://tecnicocuritiba.com.br/bairros/parque-industrial-frg,https://tecnico.curitiba.br/bairros/parque-industrial-frg,301,true,true,false,false
https://tecnicocuritiba.com.br/bairros/parque-nascentes-pinhais,https://tecnico.curitiba.br/bairros/parque-nascentes-pinhais,301,true,true,false,false
https://tecnicocuritiba.com.br/bairros/passauna,https://tecnico.curitiba.br/bairros/passauna,301,true,true,false,false
https://tecnicocuritiba.com.br/bairros/pedro-moro-sjp,https://tecnico.curitiba.br/bairros/pedro-moro-sjp,301,true,true,false,false
https://tecnicocuritiba.com.br/bairros/pineville,https://tecnico.curitiba.br/bairros/pineville,301,true,true,false,false
https://tecnicocuritiba.com.br/bairros/pinheirinho,https://tecnico.curitiba.br/bairros/pinheirinho,301,true,true,false,false
https://tecnicocuritiba.com.br/bairros/pioneiros-frg,https://tecnico.curitiba.br/bairros/pioneiros-frg,301,true,true,false,false
https://tecnicocuritiba.com.br/bairros/planta-deodoro-piraquara,https://tecnico.curitiba.br/bairros/planta-deodoro-piraquara,301,true,true,false,false
https://tecnicocuritiba.com.br/bairros/planta-sao-tiago-araucaria,https://tecnico.curitiba.br/bairros/planta-sao-tiago-araucaria,301,true,true,false,false
https://tecnicocuritiba.com.br/bairros/portao,https://tecnico.curitiba.br/bairros/portao,301,true,true,false,false
https://tecnicocuritiba.com.br/bairros/porto-das-laranjeiras,https://tecnico.curitiba.br/bairros/porto-das-laranjeiras,301,true,true,false,false
https://tecnicocuritiba.com.br/bairros/prado-velho-piraquara,https://tecnico.curitiba.br/bairros/prado-velho-piraquara,301,true,true,false,false
https://tecnicocuritiba.com.br/bairros/quississana-sjp,https://tecnico.curitiba.br/bairros/quississana-sjp,301,true,true,false,false
https://tecnicocuritiba.com.br/bairros/reboucas,https://tecnico.curitiba.br/bairros/reboucas,301,true,true,false,false
https://tecnicocuritiba.com.br/bairros/rio-pequeno-sjp,https://tecnico.curitiba.br/bairros/rio-pequeno-sjp,301,true,true,false,false
https://tecnicocuritiba.com.br/bairros/rio-verde-cm,https://tecnico.curitiba.br/bairros/rio-verde-cm,301,true,true,false,false
https://tecnicocuritiba.com.br/bairros/roca-grande,https://tecnico.curitiba.br/bairros/roca-grande,301,true,true,false,false
https://tecnicocuritiba.com.br/bairros/rondinha,https://tecnico.curitiba.br/bairros/rondinha,301,true,true,false,false
https://tecnicocuritiba.com.br/bairros/sabia,https://tecnico.curitiba.br/bairros/sabia,301,true,true,false,false
https://tecnicocuritiba.com.br/bairros/santa-cruz-campo-largo,https://tecnico.curitiba.br/bairros/santa-cruz-campo-largo,301,true,true,false,false
https://tecnicocuritiba.com.br/bairros/santa-felicidade,https://tecnico.curitiba.br/bairros/santa-felicidade,301,true,true,false,false
https://tecnicocuritiba.com.br/bairros/santa-terezinha-colombo,https://tecnico.curitiba.br/bairros/santa-terezinha-colombo,301,true,true,false,false
https://tecnicocuritiba.com.br/bairros/santa-terezinha-frg,https://tecnico.curitiba.br/bairros/santa-terezinha-frg,301,true,true,false,false
https://tecnicocuritiba.com.br/bairros/sao-cristao-piraquara,https://tecnico.curitiba.br/bairros/sao-cristao-piraquara,301,true,true,false,false
https://tecnicocuritiba.com.br/bairros/sao-cristovao,https://tecnico.curitiba.br/bairros/sao-cristovao,301,true,true,false,false
https://tecnicocuritiba.com.br/bairros/sao-dimas-colombo,https://tecnico.curitiba.br/bairros/sao-dimas-colombo,301,true,true,false,false
https://tecnicocuritiba.com.br/bairros/sao-domingos,https://tecnico.curitiba.br/bairros/sao-domingos,301,true,true,false,false
https://tecnicocuritiba.com.br/bairros/sao-francisco,https://tecnico.curitiba.br/bairros/sao-francisco,301,true,true,false,false
https://tecnicocuritiba.com.br/bairros/sao-gabriel-colombo,https://tecnico.curitiba.br/bairros/sao-gabriel-colombo,301,true,true,false,false
https://tecnicocuritiba.com.br/bairros/sao-jose-campo-largo,https://tecnico.curitiba.br/bairros/sao-jose-campo-largo,301,true,true,false,false
https://tecnicocuritiba.com.br/bairros/sao-jose-dos-pinhais,https://tecnico.curitiba.br/bairros/sao-jose-dos-pinhais,301,true,true,false,false
https://tecnicocuritiba.com.br/bairros/sao-lourenco-frg,https://tecnico.curitiba.br/bairros/sao-lourenco-frg,301,true,true,false,false
https://tecnicocuritiba.com.br/bairros/sao-lourenco-qb,https://tecnico.curitiba.br/bairros/sao-lourenco-qb,301,true,true,false,false
https://tecnicocuritiba.com.br/bairros/sao-marcos,https://tecnico.curitiba.br/bairros/sao-marcos,301,true,true,false,false
https://tecnicocuritiba.com.br/bairros/sao-marcos-campo-largo,https://tecnico.curitiba.br/bairros/sao-marcos-campo-largo,301,true,true,false,false
https://tecnicocuritiba.com.br/bairros/sao-miguel-araucaria,https://tecnico.curitiba.br/bairros/sao-miguel-araucaria,301,true,true,false,false
https://tecnicocuritiba.com.br/bairros/sao-sebastiao-cm,https://tecnico.curitiba.br/bairros/sao-sebastiao-cm,301,true,true,false,false
https://tecnicocuritiba.com.br/bairros/sao-silvestre,https://tecnico.curitiba.br/bairros/sao-silvestre,301,true,true,false,false
https://tecnicocuritiba.com.br/bairros/sao-venancio,https://tecnico.curitiba.br/bairros/sao-venancio,301,true,true,false,false
https://tecnicocuritiba.com.br/bairros/sede-campo-magro,https://tecnico.curitiba.br/bairros/sede-campo-magro,301,true,true,false,false
https://tecnicocuritiba.com.br/bairros/seminario,https://tecnico.curitiba.br/bairros/seminario,301,true,true,false,false
https://tecnicocuritiba.com.br/bairros/sete-vilas,https://tecnico.curitiba.br/bairros/sete-vilas,301,true,true,false,false
https://tecnicocuritiba.com.br/bairros/sitio-cercado,https://tecnico.curitiba.br/bairros/sitio-cercado,301,true,true,false,false
https://tecnicocuritiba.com.br/bairros/tangua-at,https://tecnico.curitiba.br/bairros/tangua-at,301,true,true,false,false
https://tecnicocuritiba.com.br/bairros/taruma,https://tecnico.curitiba.br/bairros/taruma,301,true,true,false,false
https://tecnicocuritiba.com.br/bairros/taxiqueira-colombo,https://tecnico.curitiba.br/bairros/taxiqueira-colombo,301,true,true,false,false
https://tecnicocuritiba.com.br/bairros/thomaz-coelho,https://tecnico.curitiba.br/bairros/thomaz-coelho,301,true,true,false,false
https://tecnicocuritiba.com.br/bairros/thomaz-coelho-ii,https://tecnico.curitiba.br/bairros/thomaz-coelho-ii,301,true,true,false,false
https://tecnicocuritiba.com.br/bairros/timbotuva-cl,https://tecnico.curitiba.br/bairros/timbotuva-cl,301,true,true,false,false
https://tecnicocuritiba.com.br/bairros/tindiquera,https://tecnico.curitiba.br/bairros/tindiquera,301,true,true,false,false
https://tecnicocuritiba.com.br/bairros/tingui,https://tecnico.curitiba.br/bairros/tingui,301,true,true,false,false
https://tecnicocuritiba.com.br/bairros/tranqueira-at,https://tecnico.curitiba.br/bairros/tranqueira-at,301,true,true,false,false
https://tecnicocuritiba.com.br/bairros/tres-corregos,https://tecnico.curitiba.br/bairros/tres-corregos,301,true,true,false,false
https://tecnicocuritiba.com.br/bairros/uberaba,https://tecnico.curitiba.br/bairros/uberaba,301,true,true,false,false
https://tecnicocuritiba.com.br/bairros/vale-das-aguas,https://tecnico.curitiba.br/bairros/vale-das-aguas,301,true,true,false,false
https://tecnicocuritiba.com.br/bairros/vargem-grande,https://tecnico.curitiba.br/bairros/vargem-grande,301,true,true,false,false
https://tecnicocuritiba.com.br/bairros/vila-amelia-pinhais,https://tecnico.curitiba.br/bairros/vila-amelia-pinhais,301,true,true,false,false
https://tecnicocuritiba.com.br/bairros/vila-candida-cl,https://tecnico.curitiba.br/bairros/vila-candida-cl,301,true,true,false,false
https://tecnicocuritiba.com.br/bairros/vila-izabel,https://tecnico.curitiba.br/bairros/vila-izabel,301,true,true,false,false
https://tecnicocuritiba.com.br/bairros/vila-macedo-piraquara,https://tecnico.curitiba.br/bairros/vila-macedo-piraquara,301,true,true,false,false
https://tecnicocuritiba.com.br/bairros/vila-maria-antonieta-pinhais,https://tecnico.curitiba.br/bairros/vila-maria-antonieta-pinhais,301,true,true,false,false
https://tecnicocuritiba.com.br/bairros/vila-maria-qb,https://tecnico.curitiba.br/bairros/vila-maria-qb,301,true,true,false,false
https://tecnicocuritiba.com.br/bairros/vila-nova-araucaria,https://tecnico.curitiba.br/bairros/vila-nova-araucaria,301,true,true,false,false
https://tecnicocuritiba.com.br/bairros/vila-sao-jose-qb,https://tecnico.curitiba.br/bairros/vila-sao-jose-qb,301,true,true,false,false
https://tecnicocuritiba.com.br/bairros/vila-solene,https://tecnico.curitiba.br/bairros/vila-solene,301,true,true,false,false
https://tecnicocuritiba.com.br/bairros/vila-taruma,https://tecnico.curitiba.br/bairros/vila-taruma,301,true,true,false,false
https://tecnicocuritiba.com.br/bairros/weissopolis,https://tecnico.curitiba.br/bairros/weissopolis,301,true,true,false,false
https://tecnicocuritiba.com.br/bairros/xaxim,https://tecnico.curitiba.br/bairros/xaxim,301,true,true,false,false
https://tecnicocuritiba.com.br/blog,https://tecnico.curitiba.br/blog,301,true,true,false,false
https://tecnicocuritiba.com.br/blog/como-escolher-tecnico-informatica-confiavel-curitiba,https://tecnico.curitiba.br/blog/como-escolher-tecnico-informatica-confiavel-curitiba,301,true,true,false,false
https://tecnicocuritiba.com.br/blog/meu-computador-precisa-de-formatacao,https://tecnico.curitiba.br/blog/meu-computador-precisa-de-formatacao,301,true,true,false,false
https://tecnicocuritiba.com.br/blog/quanto-custa-formatar-computador-curitiba,https://tecnico.curitiba.br/blog/quanto-custa-formatar-computador-curitiba,301,true,true,false,false
https://tecnicocuritiba.com.br/blog/suporte-tecnico-remoto-como-funciona,https://tecnico.curitiba.br/blog/suporte-tecnico-remoto-como-funciona,301,true,true,false,false
https://tecnicocuritiba.com.br/blog/upgrade-ram-quando-vale-a-pena,https://tecnico.curitiba.br/blog/upgrade-ram-quando-vale-a-pena,301,true,true,false,false
https://tecnicocuritiba.com.br/cftv,https://tecnico.curitiba.br/cftv,301,true,true,false,false
https://tecnicocuritiba.com.br/cftv/araucaria,https://tecnico.curitiba.br/cftv/araucaria,301,true,true,false,false
https://tecnicocuritiba.com.br/cftv/campo-largo,https://tecnico.curitiba.br/cftv/campo-largo,301,true,true,false,false
https://tecnicocuritiba.com.br/cftv/curitiba,https://tecnico.curitiba.br/cftv/curitiba,301,true,true,false,false
https://tecnicocuritiba.com.br/cftv/guaratuba,https://tecnico.curitiba.br/cftv/guaratuba,301,true,true,false,false
https://tecnicocuritiba.com.br/cftv/litoral,https://tecnico.curitiba.br/cftv/litoral,301,true,true,false,false
https://tecnicocuritiba.com.br/cftv/pinhais,https://tecnico.curitiba.br/cftv/pinhais,301,true,true,false,false
https://tecnicocuritiba.com.br/cftv/sao-jose-dos-pinhais,https://tecnico.curitiba.br/cftv/sao-jose-dos-pinhais,301,true,true,false,false
https://tecnicocuritiba.com.br/coleta-e-entrega,https://tecnico.curitiba.br/coleta-e-entrega,301,true,true,false,false
https://tecnicocuritiba.com.br/coleta-formulario,https://tecnico.curitiba.br/coleta-formulario,301,true,true,false,false
https://tecnicocuritiba.com.br/como-funciona,https://tecnico.curitiba.br/como-funciona,301,true,true,false,false
https://tecnicocuritiba.com.br/conserto-celular-curitiba,https://tecnico.curitiba.br/conserto-celular-curitiba,301,true,true,false,false
https://tecnicocuritiba.com.br/conserto-impressora-curitiba,https://tecnico.curitiba.br/conserto-impressora-curitiba,301,true,true,false,false
https://tecnicocuritiba.com.br/conserto-som-curitiba,https://tecnico.curitiba.br/conserto-som-curitiba,301,true,true,false,false
https://tecnicocuritiba.com.br/conserto-tv-curitiba,https://tecnico.curitiba.br/conserto-tv-curitiba,301,true,true,false,false
https://tecnicocuritiba.com.br/conserto-videogame-curitiba,https://tecnico.curitiba.br/conserto-videogame-curitiba,301,true,true,false,false
https://tecnicocuritiba.com.br/contato,https://tecnico.curitiba.br/contato,301,true,true,false,false
https://tecnicocuritiba.com.br/diagnostico-60s,https://tecnico.curitiba.br/diagnostico-60s,301,true,true,false,false
https://tecnicocuritiba.com.br/diagnostico-tecnico,https://tecnico.curitiba.br/diagnostico-tecnico,301,true,true,false,false
https://tecnicocuritiba.com.br/equipamentos-atendidos,https://tecnico.curitiba.br/equipamentos-atendidos,301,true,true,false,false
https://tecnicocuritiba.com.br/faq,https://tecnico.curitiba.br/faq,301,true,true,false,false
https://tecnicocuritiba.com.br/funil-indisponivel,https://tecnico.curitiba.br/funil-indisponivel,301,true,true,false,false
https://tecnicocuritiba.com.br/gestor-responsavel,https://tecnico.curitiba.br/gestor-responsavel,301,true,true,false,false
https://tecnicocuritiba.com.br/manutencao-notebook-pc-curitiba,https://tecnico.curitiba.br/servicos/manutencao-de-notebook,301,true,true,false,false
https://tecnicocuritiba.com.br/marcas,https://tecnico.curitiba.br/marcas,301,true,true,false,false
https://tecnicocuritiba.com.br/marcas/acer,https://tecnico.curitiba.br/marcas/acer,301,true,true,false,false
https://tecnicocuritiba.com.br/marcas/amd,https://tecnico.curitiba.br/marcas/amd,301,true,true,false,false
https://tecnicocuritiba.com.br/marcas/apple,https://tecnico.curitiba.br/marcas/apple,301,true,true,false,false
https://tecnicocuritiba.com.br/marcas/asus,https://tecnico.curitiba.br/marcas/asus,301,true,true,false,false
https://tecnicocuritiba.com.br/marcas/corsair,https://tecnico.curitiba.br/marcas/corsair,301,true,true,false,false
https://tecnicocuritiba.com.br/marcas/dell,https://tecnico.curitiba.br/marcas/dell,301,true,true,false,false
https://tecnicocuritiba.com.br/marcas/gigabyte,https://tecnico.curitiba.br/marcas/gigabyte,301,true,true,false,false
https://tecnicocuritiba.com.br/marcas/hp,https://tecnico.curitiba.br/marcas/hp,301,true,true,false,false
https://tecnicocuritiba.com.br/marcas/intel,https://tecnico.curitiba.br/marcas/intel,301,true,true,false,false
https://tecnicocuritiba.com.br/marcas/intelbras,https://tecnico.curitiba.br/marcas/intelbras,301,true,true,false,false
https://tecnicocuritiba.com.br/marcas/kingston,https://tecnico.curitiba.br/marcas/kingston,301,true,true,false,false
https://tecnicocuritiba.com.br/marcas/lenovo,https://tecnico.curitiba.br/marcas/lenovo,301,true,true,false,false
https://tecnicocuritiba.com.br/marcas/lg,https://tecnico.curitiba.br/marcas/lg,301,true,true,false,false
https://tecnicocuritiba.com.br/marcas/logitech,https://tecnico.curitiba.br/marcas/logitech,301,true,true,false,false
https://tecnicocuritiba.com.br/marcas/microsoft,https://tecnico.curitiba.br/marcas/microsoft,301,true,true,false,false
https://tecnicocuritiba.com.br/marcas/motorola,https://tecnico.curitiba.br/marcas/motorola,301,true,true,false,false
https://tecnicocuritiba.com.br/marcas/msi,https://tecnico.curitiba.br/marcas/msi,301,true,true,false,false
https://tecnicocuritiba.com.br/marcas/nvidia,https://tecnico.curitiba.br/marcas/nvidia,301,true,true,false,false
https://tecnicocuritiba.com.br/marcas/positivo,https://tecnico.curitiba.br/marcas/positivo,301,true,true,false,false
https://tecnicocuritiba.com.br/marcas/razer,https://tecnico.curitiba.br/marcas/razer,301,true,true,false,false
https://tecnicocuritiba.com.br/marcas/samsung,https://tecnico.curitiba.br/marcas/samsung,301,true,true,false,false
https://tecnicocuritiba.com.br/marcas/seagate,https://tecnico.curitiba.br/marcas/seagate,301,true,true,false,false
https://tecnicocuritiba.com.br/marcas/sony,https://tecnico.curitiba.br/marcas/sony,301,true,true,false,false
https://tecnicocuritiba.com.br/marcas/tp-link,https://tecnico.curitiba.br/marcas/tp-link,301,true,true,false,false
https://tecnicocuritiba.com.br/marcas/western-digital,https://tecnico.curitiba.br/marcas/western-digital,301,true,true,false,false
https://tecnicocuritiba.com.br/marcas/xiaomi,https://tecnico.curitiba.br/marcas/xiaomi,301,true,true,false,false
https://tecnicocuritiba.com.br/obrigado,https://tecnico.curitiba.br/obrigado,301,true,true,false,false
https://tecnicocuritiba.com.br/politica-de-privacidade,https://tecnico.curitiba.br/politica-de-privacidade,301,true,true,false,false
https://tecnicocuritiba.com.br/precos-e-politicas,https://tecnico.curitiba.br/precos-e-politicas,301,true,true,false,false
https://tecnicocuritiba.com.br/problemas-reais-e-casos,https://tecnico.curitiba.br/problemas-reais-e-casos,301,true,true,false,false
https://tecnicocuritiba.com.br/problemas/alto-falante-queimado-curitiba,https://tecnico.curitiba.br/problemas/alto-falante-queimado-curitiba,301,true,true,false,false
https://tecnicocuritiba.com.br/problemas/amplificador-nao-liga-curitiba,https://tecnico.curitiba.br/problemas/amplificador-nao-liga-curitiba,301,true,true,false,false
https://tecnicocuritiba.com.br/problemas/assistencia-tecnica-urgente-curitiba,https://tecnico.curitiba.br/problemas/assistencia-tecnica-urgente-curitiba,301,true,true,false,false
https://tecnicocuritiba.com.br/problemas/backup-perdido-curitiba,https://tecnico.curitiba.br/problemas/backup-perdido-curitiba,301,true,true,false,false
https://tecnicocuritiba.com.br/problemas/cabo-rede-nao-funciona-curitiba,https://tecnico.curitiba.br/problemas/cabo-rede-nao-funciona-curitiba,301,true,true,false,false
https://tecnicocuritiba.com.br/problemas/caixa-som-nao-carrega-curitiba,https://tecnico.curitiba.br/problemas/caixa-som-nao-carrega-curitiba,301,true,true,false,false
https://tecnicocuritiba.com.br/problemas/caixa-som-sem-audio-curitiba,https://tecnico.curitiba.br/problemas/caixa-som-sem-audio-curitiba,301,true,true,false,false
https://tecnicocuritiba.com.br/problemas/caixa-som-sem-bluetooth-curitiba,https://tecnico.curitiba.br/problemas/caixa-som-sem-bluetooth-curitiba,301,true,true,false,false
https://tecnicocuritiba.com.br/problemas/camera-seguranca-nao-funciona-curitiba,https://tecnico.curitiba.br/problemas/camera-seguranca-nao-funciona-curitiba,301,true,true,false,false
https://tecnicocuritiba.com.br/problemas/celular-bateria-inchada-curitiba,https://tecnico.curitiba.br/problemas/celular-bateria-inchada-curitiba,301,true,true,false,false
https://tecnicocuritiba.com.br/problemas/celular-camera-nao-funciona-curitiba,https://tecnico.curitiba.br/problemas/celular-camera-nao-funciona-curitiba,301,true,true,false,false
https://tecnicocuritiba.com.br/problemas/celular-com-virus-curitiba,https://tecnico.curitiba.br/problemas/celular-com-virus-curitiba,301,true,true,false,false
https://tecnicocuritiba.com.br/problemas/celular-lento-curitiba,https://tecnico.curitiba.br/problemas/celular-lento-curitiba,301,true,true,false,false
https://tecnicocuritiba.com.br/problemas/celular-listras-na-tela-curitiba,https://tecnico.curitiba.br/problemas/celular-listras-na-tela-curitiba,301,true,true,false,false
https://tecnicocuritiba.com.br/problemas/celular-molhou-curitiba,https://tecnico.curitiba.br/problemas/celular-molhou-curitiba,301,true,true,false,false
https://tecnicocuritiba.com.br/problemas/celular-nao-carrega-curitiba,https://tecnico.curitiba.br/problemas/celular-nao-carrega-curitiba,301,true,true,false,false
https://tecnicocuritiba.com.br/problemas/celular-nao-liga-curitiba,https://tecnico.curitiba.br/problemas/celular-nao-liga-curitiba,301,true,true,false,false
https://tecnicocuritiba.com.br/problemas/celular-sem-sinal-curitiba,https://tecnico.curitiba.br/problemas/celular-sem-sinal-curitiba,301,true,true,false,false
https://tecnicocuritiba.com.br/problemas/celular-tela-quebrada-curitiba,https://tecnico.curitiba.br/problemas/celular-tela-quebrada-curitiba,301,true,true,false,false
https://tecnicocuritiba.com.br/problemas/celular-touch-nao-funciona-curitiba,https://tecnico.curitiba.br/problemas/celular-touch-nao-funciona-curitiba,301,true,true,false,false
https://tecnicocuritiba.com.br/problemas/computador-com-cheiro-de-queimado-curitiba,https://tecnico.curitiba.br/problemas/computador-com-cheiro-de-queimado-curitiba,301,true,true,false,false
https://tecnicocuritiba.com.br/problemas/computador-com-som-estranho-curitiba,https://tecnico.curitiba.br/problemas/computador-com-som-estranho-curitiba,301,true,true,false,false
https://tecnicocuritiba.com.br/problemas/computador-com-tela-preta-curitiba,https://tecnico.curitiba.br/problemas/computador-com-tela-preta-curitiba,301,true,true,false,false
https://tecnicocuritiba.com.br/problemas/computador-com-virus-curitiba,https://tecnico.curitiba.br/problemas/computador-com-virus-curitiba,301,true,true,false,false
https://tecnicocuritiba.com.br/problemas/computador-desligando-apos-segundos-curitiba,https://tecnico.curitiba.br/problemas/computador-desligando-apos-segundos-curitiba,301,true,true,false,false
https://tecnicocuritiba.com.br/problemas/computador-lento-curitiba,https://tecnico.curitiba.br/problemas/computador-lento-curitiba,301,true,true,false,false
https://tecnicocuritiba.com.br/problemas/computador-liga-e-desliga-curitiba,https://tecnico.curitiba.br/problemas/computador-liga-e-desliga-curitiba,301,true,true,false,false
https://tecnicocuritiba.com.br/problemas/computador-muito-barulhento-curitiba,https://tecnico.curitiba.br/problemas/computador-muito-barulhento-curitiba,301,true,true,false,false
https://tecnicocuritiba.com.br/problemas/computador-nao-conecta-bluetooth-curitiba,https://tecnico.curitiba.br/problemas/computador-nao-conecta-bluetooth-curitiba,301,true,true,false,false
https://tecnicocuritiba.com.br/problemas/computador-nao-desliga-curitiba,https://tecnico.curitiba.br/problemas/computador-nao-desliga-curitiba,301,true,true,false,false
https://tecnicocuritiba.com.br/problemas/computador-nao-liga-curitiba,https://tecnico.curitiba.br/problemas/computador-nao-liga-curitiba,301,true,true,false,false
https://tecnicocuritiba.com.br/problemas/computador-nao-reconhece-usb-curitiba,https://tecnico.curitiba.br/problemas/computador-nao-reconhece-usb-curitiba,301,true,true,false,false
https://tecnicocuritiba.com.br/problemas/computador-reiniciando-sozinho-curitiba,https://tecnico.curitiba.br/problemas/computador-reiniciando-sozinho-curitiba,301,true,true,false,false
https://tecnicocuritiba.com.br/problemas/computador-sem-video-curitiba,https://tecnico.curitiba.br/problemas/computador-sem-video-curitiba,301,true,true,false,false
https://tecnicocuritiba.com.br/problemas/computador-sem-wifi-curitiba,https://tecnico.curitiba.br/problemas/computador-sem-wifi-curitiba,301,true,true,false,false
https://tecnicocuritiba.com.br/problemas/computador-travando-curitiba,https://tecnico.curitiba.br/problemas/computador-travando-curitiba,301,true,true,false,false
https://tecnicocuritiba.com.br/problemas/conserto-computador-domicilio-curitiba,https://tecnico.curitiba.br/problemas/conserto-computador-domicilio-curitiba,301,true,true,false,false
https://tecnicocuritiba.com.br/problemas/curto-em-placa-eletronica,https://tecnico.curitiba.br/problemas/curto-em-placa-eletronica,301,true,true,false,false
https://tecnicocuritiba.com.br/problemas/custo-reparo-vs-novo,https://tecnico.curitiba.br/problemas/custo-reparo-vs-novo,301,true,true,false,false
https://tecnicocuritiba.com.br/problemas/erro-0x0000007b-curitiba,https://tecnico.curitiba.br/problemas/erro-0x0000007b-curitiba,301,true,true,false,false
https://tecnicocuritiba.com.br/problemas/erro-0x80004005-curitiba,https://tecnico.curitiba.br/problemas/erro-0x80004005-curitiba,301,true,true,false,false
https://tecnicocuritiba.com.br/problemas/erro-0x80070005-curitiba,https://tecnico.curitiba.br/problemas/erro-0x80070005-curitiba,301,true,true,false,false
https://tecnicocuritiba.com.br/problemas/erro-0x80070057-curitiba,https://tecnico.curitiba.br/problemas/erro-0x80070057-curitiba,301,true,true,false,false
https://tecnicocuritiba.com.br/problemas/erro-0x800f081f-curitiba,https://tecnico.curitiba.br/problemas/erro-0x800f081f-curitiba,301,true,true,false,false
https://tecnicocuritiba.com.br/problemas/erro-0x80240034-curitiba,https://tecnico.curitiba.br/problemas/erro-0x80240034-curitiba,301,true,true,false,false
https://tecnicocuritiba.com.br/problemas/erro-0xc00000e-curitiba,https://tecnico.curitiba.br/problemas/erro-0xc00000e-curitiba,301,true,true,false,false
https://tecnicocuritiba.com.br/problemas/erro-0xc000021a-curitiba,https://tecnico.curitiba.br/problemas/erro-0xc000021a-curitiba,301,true,true,false,false
https://tecnicocuritiba.com.br/problemas/erro-ao-instalar-memoria-ram,https://tecnico.curitiba.br/problemas/erro-ao-instalar-memoria-ram,301,true,true,false,false
https://tecnicocuritiba.com.br/problemas/erro-ao-instalar-windows-curitiba,https://tecnico.curitiba.br/problemas/erro-ao-instalar-windows-curitiba,301,true,true,false,false
https://tecnicocuritiba.com.br/problemas/erro-apos-formatacao,https://tecnico.curitiba.br/problemas/erro-apos-formatacao,301,true,true,false,false
https://tecnicocuritiba.com.br/problemas/erro-atualizacao-windows-11-curitiba,https://tecnico.curitiba.br/problemas/erro-atualizacao-windows-11-curitiba,301,true,true,false,false
https://tecnicocuritiba.com.br/problemas/erro-bios-curitiba,https://tecnico.curitiba.br/problemas/erro-bios-curitiba,301,true,true,false,false
https://tecnicocuritiba.com.br/problemas/erro-disco-100-porcento-curitiba,https://tecnico.curitiba.br/problemas/erro-disco-100-porcento-curitiba,301,true,true,false,false
https://tecnicocuritiba.com.br/problemas/erro-disco-cheio-curitiba,https://tecnico.curitiba.br/problemas/erro-disco-cheio-curitiba,301,true,true,false,false
https://tecnicocuritiba.com.br/problemas/erro-driver-windows-curitiba,https://tecnico.curitiba.br/problemas/erro-driver-windows-curitiba,301,true,true,false,false
https://tecnicocuritiba.com.br/problemas/erro-particao-windows-curitiba,https://tecnico.curitiba.br/problemas/erro-particao-windows-curitiba,301,true,true,false,false
https://tecnicocuritiba.com.br/problemas/erro-registro-windows-curitiba,https://tecnico.curitiba.br/problemas/erro-registro-windows-curitiba,301,true,true,false,false
https://tecnicocuritiba.com.br/problemas/erro-windows-update-curitiba,https://tecnico.curitiba.br/problemas/erro-windows-update-curitiba,301,true,true,false,false
https://tecnicocuritiba.com.br/problemas/erros-comuns-em-upgrade,https://tecnico.curitiba.br/problemas/erros-comuns-em-upgrade,301,true,true,false,false
https://tecnicocuritiba.com.br/problemas/fonte-queimada-curitiba,https://tecnico.curitiba.br/problemas/fonte-queimada-curitiba,301,true,true,false,false
https://tecnicocuritiba.com.br/problemas/formatacao-resolve-curitiba,https://tecnico.curitiba.br/problemas/formatacao-resolve-curitiba,301,true,true,false,false
https://tecnicocuritiba.com.br/problemas/gpu-desgastada,https://tecnico.curitiba.br/problemas/gpu-desgastada,301,true,true,false,false
https://tecnicocuritiba.com.br/problemas/hd-externo-nao-reconhece-curitiba,https://tecnico.curitiba.br/problemas/hd-externo-nao-reconhece-curitiba,301,true,true,false,false
https://tecnicocuritiba.com.br/problemas/hd-fazendo-barulho-curitiba,https://tecnico.curitiba.br/problemas/hd-fazendo-barulho-curitiba,301,true,true,false,false
https://tecnicocuritiba.com.br/problemas/impressora-cartucho-nao-reconhece-curitiba,https://tecnico.curitiba.br/problemas/impressora-cartucho-nao-reconhece-curitiba,301,true,true,false,false
https://tecnicocuritiba.com.br/problemas/impressora-erro-conexao-usb-wifi-curitiba,https://tecnico.curitiba.br/problemas/impressora-erro-conexao-usb-wifi-curitiba,301,true,true,false,false
https://tecnicocuritiba.com.br/problemas/impressora-nao-imprime-curitiba,https://tecnico.curitiba.br/problemas/impressora-nao-imprime-curitiba,301,true,true,false,false
https://tecnicocuritiba.com.br/problemas/impressora-papel-preso-curitiba,https://tecnico.curitiba.br/problemas/impressora-papel-preso-curitiba,301,true,true,false,false
https://tecnicocuritiba.com.br/problemas/impressora-tinta-nao-sai-curitiba,https://tecnico.curitiba.br/problemas/impressora-tinta-nao-sai-curitiba,301,true,true,false,false
https://tecnicocuritiba.com.br/problemas/internet-lenta-curitiba,https://tecnico.curitiba.br/problemas/internet-lenta-curitiba,301,true,true,false,false
https://tecnicocuritiba.com.br/problemas/listras-tela-celular-apos-atualizacao-curitiba,https://tecnico.curitiba.br/problemas/listras-tela-celular-apos-atualizacao-curitiba,301,true,true,false,false
https://tecnicocuritiba.com.br/problemas/manutencao-notebook-curitiba-rapido,https://tecnico.curitiba.br/problemas/manutencao-notebook-curitiba-rapido,301,true,true,false,false
https://tecnicocuritiba.com.br/problemas/memoria-ram-com-defeito-curitiba,https://tecnico.curitiba.br/problemas/memoria-ram-com-defeito-curitiba,301,true,true,false,false
https://tecnicocuritiba.com.br/problemas/microsoldagem-celular-curitiba,https://tecnico.curitiba.br/problemas/microsoldagem-celular-curitiba,301,true,true,false,false
https://tecnicocuritiba.com.br/problemas/monitor-piscando-curitiba,https://tecnico.curitiba.br/problemas/monitor-piscando-curitiba,301,true,true,false,false
https://tecnicocuritiba.com.br/problemas/monitor-sem-sinal-curitiba,https://tecnico.curitiba.br/problemas/monitor-sem-sinal-curitiba,301,true,true,false,false
https://tecnicocuritiba.com.br/problemas/mouse-nao-funciona-curitiba,https://tecnico.curitiba.br/problemas/mouse-nao-funciona-curitiba,301,true,true,false,false
https://tecnicocuritiba.com.br/problemas/notebook-apos-upgrade-nao-liga-curitiba,https://tecnico.curitiba.br/problemas/notebook-apos-upgrade-nao-liga-curitiba,301,true,true,false,false
https://tecnicocuritiba.com.br/problemas/notebook-bateria-nao-carrega-curitiba,https://tecnico.curitiba.br/problemas/notebook-bateria-nao-carrega-curitiba,301,true,true,false,false
https://tecnicocuritiba.com.br/problemas/notebook-com-agua-ou-liquido-curitiba,https://tecnico.curitiba.br/problemas/notebook-com-agua-ou-liquido-curitiba,301,true,true,false,false
https://tecnicocuritiba.com.br/problemas/notebook-com-tela-piscando-curitiba,https://tecnico.curitiba.br/problemas/notebook-com-tela-piscando-curitiba,301,true,true,false,false
https://tecnicocuritiba.com.br/problemas/notebook-com-tela-quebrada-curitiba,https://tecnico.curitiba.br/problemas/notebook-com-tela-quebrada-curitiba,301,true,true,false,false
https://tecnicocuritiba.com.br/problemas/notebook-desliga-sozinho-curitiba,https://tecnico.curitiba.br/problemas/notebook-desliga-sozinho-curitiba,301,true,true,false,false
https://tecnicocuritiba.com.br/problemas/notebook-desligando-sozinho-curitiba,https://tecnico.curitiba.br/problemas/notebook-desligando-sozinho-curitiba,301,true,true,false,false
https://tecnicocuritiba.com.br/problemas/notebook-esquentando-curitiba,https://tecnico.curitiba.br/problemas/notebook-esquentando-curitiba,301,true,true,false,false
https://tecnicocuritiba.com.br/problemas/notebook-esquentando-desligando-curitiba,https://tecnico.curitiba.br/problemas/notebook-esquentando-desligando-curitiba,301,true,true,false,false
https://tecnicocuritiba.com.br/problemas/notebook-esquentando-muito-curitiba,https://tecnico.curitiba.br/problemas/notebook-esquentando-muito-curitiba,301,true,true,false,false
https://tecnicocuritiba.com.br/problemas/notebook-lento-curitiba,https://tecnico.curitiba.br/problemas/notebook-lento-curitiba,301,true,true,false,false
https://tecnicocuritiba.com.br/problemas/notebook-nao-carrega-bateria-curitiba,https://tecnico.curitiba.br/problemas/notebook-nao-carrega-bateria-curitiba,301,true,true,false,false
https://tecnicocuritiba.com.br/problemas/notebook-nao-carrega-curitiba,https://tecnico.curitiba.br/problemas/notebook-nao-carrega-curitiba,301,true,true,false,false
https://tecnicocuritiba.com.br/problemas/notebook-nao-conecta-bluetooth-curitiba,https://tecnico.curitiba.br/problemas/notebook-nao-conecta-bluetooth-curitiba,301,true,true,false,false
https://tecnicocuritiba.com.br/problemas/notebook-nao-liga-curitiba,https://tecnico.curitiba.br/problemas/notebook-nao-liga-curitiba,301,true,true,false,false
https://tecnicocuritiba.com.br/problemas/notebook-sem-audio-curitiba,https://tecnico.curitiba.br/problemas/notebook-sem-audio-curitiba,301,true,true,false,false
https://tecnicocuritiba.com.br/problemas/notebook-sem-imagem-curitiba,https://tecnico.curitiba.br/problemas/notebook-sem-imagem-curitiba,301,true,true,false,false
https://tecnicocuritiba.com.br/problemas/notebook-sem-som-curitiba,https://tecnico.curitiba.br/problemas/notebook-sem-som-curitiba,301,true,true,false,false
https://tecnicocuritiba.com.br/problemas/notebook-sem-webcam-curitiba,https://tecnico.curitiba.br/problemas/notebook-sem-webcam-curitiba,301,true,true,false,false
https://tecnicocuritiba.com.br/problemas/notebook-sem-wifi-curitiba,https://tecnico.curitiba.br/problemas/notebook-sem-wifi-curitiba,301,true,true,false,false
https://tecnicocuritiba.com.br/problemas/notebook-superaquecendo-curitiba,https://tecnico.curitiba.br/problemas/notebook-superaquecendo-curitiba,301,true,true,false,false
https://tecnicocuritiba.com.br/problemas/notebook-teclado-nao-funciona-curitiba,https://tecnico.curitiba.br/problemas/notebook-teclado-nao-funciona-curitiba,301,true,true,false,false
https://tecnicocuritiba.com.br/problemas/notebook-tela-amarelada-curitiba,https://tecnico.curitiba.br/problemas/notebook-tela-amarelada-curitiba,301,true,true,false,false
https://tecnicocuritiba.com.br/problemas/notebook-tela-escura-curitiba,https://tecnico.curitiba.br/problemas/notebook-tela-escura-curitiba,301,true,true,false,false
https://tecnicocuritiba.com.br/problemas/notebook-tela-preta-curitiba,https://tecnico.curitiba.br/problemas/notebook-tela-preta-curitiba,301,true,true,false,false
https://tecnicocuritiba.com.br/problemas/notebook-touchpad-nao-funciona-curitiba,https://tecnico.curitiba.br/problemas/notebook-touchpad-nao-funciona-curitiba,301,true,true,false,false
https://tecnicocuritiba.com.br/problemas/o-que-causa-curto-em-placa,https://tecnico.curitiba.br/problemas/o-que-causa-curto-em-placa,301,true,true,false,false
https://tecnicocuritiba.com.br/problemas/o-que-fazer-computador-nao-liga,https://tecnico.curitiba.br/problemas/o-que-fazer-computador-nao-liga,301,true,true,false,false
https://tecnicocuritiba.com.br/problemas/o-que-fazer-notebook-lento,https://tecnico.curitiba.br/problemas/o-que-fazer-notebook-lento,301,true,true,false,false
https://tecnicocuritiba.com.br/problemas/pc-com-barulho-estranho-curitiba,https://tecnico.curitiba.br/problemas/pc-com-barulho-estranho-curitiba,301,true,true,false,false
https://tecnicocuritiba.com.br/problemas/pc-com-pop-ups-e-propagandas-curitiba,https://tecnico.curitiba.br/problemas/pc-com-pop-ups-e-propagandas-curitiba,301,true,true,false,false
https://tecnicocuritiba.com.br/problemas/pc-com-programas-pesados,https://tecnico.curitiba.br/problemas/pc-com-programas-pesados,301,true,true,false,false
https://tecnicocuritiba.com.br/problemas/pc-com-tela-congelada-curitiba,https://tecnico.curitiba.br/problemas/pc-com-tela-congelada-curitiba,301,true,true,false,false
https://tecnicocuritiba.com.br/problemas/pc-com-tela-preta-curitiba,https://tecnico.curitiba.br/problemas/pc-com-tela-preta-curitiba,301,true,true,false,false
https://tecnicocuritiba.com.br/problemas/pc-com-virus-ransomware-curitiba,https://tecnico.curitiba.br/problemas/pc-com-virus-ransomware-curitiba,301,true,true,false,false
https://tecnicocuritiba.com.br/problemas/pc-desligando-sozinho-curitiba,https://tecnico.curitiba.br/problemas/pc-desligando-sozinho-curitiba,301,true,true,false,false
https://tecnicocuritiba.com.br/problemas/pc-fazendo-barulho-estranho-curitiba,https://tecnico.curitiba.br/problemas/pc-fazendo-barulho-estranho-curitiba,301,true,true,false,false
https://tecnicocuritiba.com.br/problemas/pc-nao-conecta-bluetooth-curitiba,https://tecnico.curitiba.br/problemas/pc-nao-conecta-bluetooth-curitiba,301,true,true,false,false
https://tecnicocuritiba.com.br/problemas/pc-nao-conecta-internet-curitiba,https://tecnico.curitiba.br/problemas/pc-nao-conecta-internet-curitiba,301,true,true,false,false
https://tecnicocuritiba.com.br/problemas/pc-nao-conecta-wifi-curitiba,https://tecnico.curitiba.br/problemas/pc-nao-conecta-wifi-curitiba,301,true,true,false,false
https://tecnicocuritiba.com.br/problemas/pc-nao-entra-modo-seguro-curitiba,https://tecnico.curitiba.br/problemas/pc-nao-entra-modo-seguro-curitiba,301,true,true,false,false
https://tecnicocuritiba.com.br/problemas/pc-nao-reconhece-hd-curitiba,https://tecnico.curitiba.br/problemas/pc-nao-reconhece-hd-curitiba,301,true,true,false,false
https://tecnicocuritiba.com.br/problemas/pc-nao-reconhece-segundo-monitor-curitiba,https://tecnico.curitiba.br/problemas/pc-nao-reconhece-segundo-monitor-curitiba,301,true,true,false,false
https://tecnicocuritiba.com.br/problemas/pc-nao-reconhece-usb-curitiba,https://tecnico.curitiba.br/problemas/pc-nao-reconhece-usb-curitiba,301,true,true,false,false
https://tecnicocuritiba.com.br/problemas/pc-reiniciando-sozinho-curitiba,https://tecnico.curitiba.br/problemas/pc-reiniciando-sozinho-curitiba,301,true,true,false,false
https://tecnicocuritiba.com.br/problemas/pc-sem-audio-curitiba,https://tecnico.curitiba.br/problemas/pc-sem-audio-curitiba,301,true,true,false,false
https://tecnicocuritiba.com.br/problemas/pc-sem-imagem-curitiba,https://tecnico.curitiba.br/problemas/pc-sem-imagem-curitiba,301,true,true,false,false
https://tecnicocuritiba.com.br/problemas/pc-sem-som-hdmi-curitiba,https://tecnico.curitiba.br/problemas/pc-sem-som-hdmi-curitiba,301,true,true,false,false
https://tecnicocuritiba.com.br/problemas/pc-superaquecendo-curitiba,https://tecnico.curitiba.br/problemas/pc-superaquecendo-curitiba,301,true,true,false,false
https://tecnicocuritiba.com.br/problemas/pc-trava-ao-jogar-curitiba,https://tecnico.curitiba.br/problemas/pc-trava-ao-jogar-curitiba,301,true,true,false,false
https://tecnicocuritiba.com.br/problemas/pc-travando-em-jogos-curitiba,https://tecnico.curitiba.br/problemas/pc-travando-em-jogos-curitiba,301,true,true,false,false
https://tecnicocuritiba.com.br/problemas/pc-travando-jogos-curitiba,https://tecnico.curitiba.br/problemas/pc-travando-jogos-curitiba,301,true,true,false,false
https://tecnicocuritiba.com.br/problemas/pen-drive-nao-reconhece-curitiba,https://tecnico.curitiba.br/problemas/pen-drive-nao-reconhece-curitiba,301,true,true,false,false
https://tecnicocuritiba.com.br/problemas/placa-de-video-nao-funciona-curitiba,https://tecnico.curitiba.br/problemas/placa-de-video-nao-funciona-curitiba,301,true,true,false,false
https://tecnicocuritiba.com.br/problemas/placa-mae-com-defeito-curitiba,https://tecnico.curitiba.br/problemas/placa-mae-com-defeito-curitiba,301,true,true,false,false
https://tecnicocuritiba.com.br/problemas/placa-mae-queimada,https://tecnico.curitiba.br/problemas/placa-mae-queimada,301,true,true,false,false
https://tecnicocuritiba.com.br/problemas/por-que-conserto-placa-mae-custa-caro-curitiba,https://tecnico.curitiba.br/problemas/por-que-conserto-placa-mae-custa-caro-curitiba,301,true,true,false,false
https://tecnicocuritiba.com.br/problemas/por-que-display-e-caro-curitiba,https://tecnico.curitiba.br/problemas/por-que-display-e-caro-curitiba,301,true,true,false,false
https://tecnicocuritiba.com.br/problemas/quando-nao-compensa-reparo,https://tecnico.curitiba.br/problemas/quando-nao-compensa-reparo,301,true,true,false,false
https://tecnicocuritiba.com.br/problemas/quando-trocar-computador,https://tecnico.curitiba.br/problemas/quando-trocar-computador,301,true,true,false,false
https://tecnicocuritiba.com.br/problemas/quanto-custa-trocar-tela-celular-curitiba,https://tecnico.curitiba.br/problemas/quanto-custa-trocar-tela-celular-curitiba,301,true,true,false,false
https://tecnicocuritiba.com.br/problemas/quanto-custa-trocar-tela-tv-curitiba,https://tecnico.curitiba.br/problemas/quanto-custa-trocar-tela-tv-curitiba,301,true,true,false,false
https://tecnicocuritiba.com.br/problemas/radio-nao-liga-curitiba,https://tecnico.curitiba.br/problemas/radio-nao-liga-curitiba,301,true,true,false,false
https://tecnicocuritiba.com.br/problemas/reballing-bga-curitiba,https://tecnico.curitiba.br/problemas/reballing-bga-curitiba,301,true,true,false,false
https://tecnicocuritiba.com.br/problemas/recapacitacao-placa-eletronica-curitiba,https://tecnico.curitiba.br/problemas/recapacitacao-placa-eletronica-curitiba,301,true,true,false,false
https://tecnicocuritiba.com.br/problemas/receiver-sem-som-curitiba,https://tecnico.curitiba.br/problemas/receiver-sem-som-curitiba,301,true,true,false,false
https://tecnicocuritiba.com.br/problemas/reflow-bga-curitiba,https://tecnico.curitiba.br/problemas/reflow-bga-curitiba,301,true,true,false,false
https://tecnicocuritiba.com.br/problemas/reparo-placa-mae-celular-curitiba,https://tecnico.curitiba.br/problemas/reparo-placa-mae-celular-curitiba,301,true,true,false,false
https://tecnicocuritiba.com.br/problemas/reparo-placa-mae-notebook-curitiba,https://tecnico.curitiba.br/problemas/reparo-placa-mae-notebook-curitiba,301,true,true,false,false
https://tecnicocuritiba.com.br/problemas/reparo-placa-principal-tv-curitiba,https://tecnico.curitiba.br/problemas/reparo-placa-principal-tv-curitiba,301,true,true,false,false
https://tecnicocuritiba.com.br/problemas/reparo-placa-som-amplificador-curitiba,https://tecnico.curitiba.br/problemas/reparo-placa-som-amplificador-curitiba,301,true,true,false,false
https://tecnicocuritiba.com.br/problemas/riscos-de-tentar-consertar,https://tecnico.curitiba.br/problemas/riscos-de-tentar-consertar,301,true,true,false,false
https://tecnicocuritiba.com.br/problemas/smart-tv-lenta-curitiba,https://tecnico.curitiba.br/problemas/smart-tv-lenta-curitiba,301,true,true,false,false
https://tecnicocuritiba.com.br/problemas/som-automotivo-nao-funciona-curitiba,https://tecnico.curitiba.br/problemas/som-automotivo-nao-funciona-curitiba,301,true,true,false,false
https://tecnicocuritiba.com.br/problemas/som-chiando-curitiba,https://tecnico.curitiba.br/problemas/som-chiando-curitiba,301,true,true,false,false
https://tecnicocuritiba.com.br/problemas/som-nao-funciona-curitiba,https://tecnico.curitiba.br/problemas/som-nao-funciona-curitiba,301,true,true,false,false
https://tecnicocuritiba.com.br/problemas/ssd-nao-reconhece-curitiba,https://tecnico.curitiba.br/problemas/ssd-nao-reconhece-curitiba,301,true,true,false,false
https://tecnicocuritiba.com.br/problemas/teclado-mouse-nao-funciona-curitiba,https://tecnico.curitiba.br/problemas/teclado-mouse-nao-funciona-curitiba,301,true,true,false,false
https://tecnicocuritiba.com.br/problemas/teclado-nao-funciona-curitiba,https://tecnico.curitiba.br/problemas/teclado-nao-funciona-curitiba,301,true,true,false,false
https://tecnicocuritiba.com.br/problemas/tecnico-computador-perto-de-mim,https://tecnico.curitiba.br/problemas/tecnico-computador-perto-de-mim,301,true,true,false,false
https://tecnicocuritiba.com.br/problemas/tecnico-informatica-emergencia-curitiba,https://tecnico.curitiba.br/problemas/tecnico-informatica-emergencia-curitiba,301,true,true,false,false
https://tecnicocuritiba.com.br/problemas/tela-azul-windows-curitiba,https://tecnico.curitiba.br/problemas/tela-azul-windows-curitiba,301,true,true,false,false
https://tecnicocuritiba.com.br/problemas/troca-chip-bga-curitiba,https://tecnico.curitiba.br/problemas/troca-chip-bga-curitiba,301,true,true,false,false
https://tecnicocuritiba.com.br/problemas/tv-cheiro-queimado-curitiba,https://tecnico.curitiba.br/problemas/tv-cheiro-queimado-curitiba,301,true,true,false,false
https://tecnicocuritiba.com.br/problemas/tv-com-linhas-na-tela-curitiba,https://tecnico.curitiba.br/problemas/tv-com-linhas-na-tela-curitiba,301,true,true,false,false
https://tecnicocuritiba.com.br/problemas/tv-com-som-sem-imagem-curitiba,https://tecnico.curitiba.br/problemas/tv-com-som-sem-imagem-curitiba,301,true,true,false,false
https://tecnicocuritiba.com.br/problemas/tv-com-tela-escura-curitiba,https://tecnico.curitiba.br/problemas/tv-com-tela-escura-curitiba,301,true,true,false,false
https://tecnicocuritiba.com.br/problemas/tv-controle-nao-funciona-curitiba,https://tecnico.curitiba.br/problemas/tv-controle-nao-funciona-curitiba,301,true,true,false,false
https://tecnicocuritiba.com.br/problemas/tv-demora-ligar-curitiba,https://tecnico.curitiba.br/problemas/tv-demora-ligar-curitiba,301,true,true,false,false
https://tecnicocuritiba.com.br/problemas/tv-desliga-sozinha-curitiba,https://tecnico.curitiba.br/problemas/tv-desliga-sozinha-curitiba,301,true,true,false,false
https://tecnicocuritiba.com.br/problemas/tv-desligando-sozinha-curitiba,https://tecnico.curitiba.br/problemas/tv-desligando-sozinha-curitiba,301,true,true,false,false
https://tecnicocuritiba.com.br/problemas/tv-imagem-fantasma-curitiba,https://tecnico.curitiba.br/problemas/tv-imagem-fantasma-curitiba,301,true,true,false,false
https://tecnicocuritiba.com.br/problemas/tv-listras-horizontais-verticais-conserto-curitiba,https://tecnico.curitiba.br/problemas/tv-listras-horizontais-verticais-conserto-curitiba,301,true,true,false,false
https://tecnicocuritiba.com.br/problemas/tv-listras-na-tela-curitiba,https://tecnico.curitiba.br/problemas/tv-listras-na-tela-curitiba,301,true,true,false,false
https://tecnicocuritiba.com.br/problemas/tv-manchas-na-tela-curitiba,https://tecnico.curitiba.br/problemas/tv-manchas-na-tela-curitiba,301,true,true,false,false
https://tecnicocuritiba.com.br/problemas/tv-nao-conecta-wifi-bluetooth-curitiba,https://tecnico.curitiba.br/problemas/tv-nao-conecta-wifi-bluetooth-curitiba,301,true,true,false,false
https://tecnicocuritiba.com.br/problemas/tv-nao-liga-curitiba,https://tecnico.curitiba.br/problemas/tv-nao-liga-curitiba,301,true,true,false,false
https://tecnicocuritiba.com.br/problemas/tv-pixel-morto-curitiba,https://tecnico.curitiba.br/problemas/tv-pixel-morto-curitiba,301,true,true,false,false
https://tecnicocuritiba.com.br/problemas/tv-sem-cores-curitiba,https://tecnico.curitiba.br/problemas/tv-sem-cores-curitiba,301,true,true,false,false
https://tecnicocuritiba.com.br/problemas/tv-sem-hdmi-curitiba,https://tecnico.curitiba.br/problemas/tv-sem-hdmi-curitiba,301,true,true,false,false
https://tecnicocuritiba.com.br/problemas/tv-sem-imagem-curitiba,https://tecnico.curitiba.br/problemas/tv-sem-imagem-curitiba,301,true,true,false,false
https://tecnicocuritiba.com.br/problemas/tv-sem-som-curitiba,https://tecnico.curitiba.br/problemas/tv-sem-som-curitiba,301,true,true,false,false
https://tecnicocuritiba.com.br/problemas/tv-sem-wifi-curitiba,https://tecnico.curitiba.br/problemas/tv-sem-wifi-curitiba,301,true,true,false,false
https://tecnicocuritiba.com.br/problemas/tv-som-sem-video-curitiba,https://tecnico.curitiba.br/problemas/tv-som-sem-video-curitiba,301,true,true,false,false
https://tecnicocuritiba.com.br/problemas/tv-tela-quebrada-curitiba,https://tecnico.curitiba.br/problemas/tv-tela-quebrada-curitiba,301,true,true,false,false
https://tecnicocuritiba.com.br/problemas/tv-travando-lenta-curitiba,https://tecnico.curitiba.br/problemas/tv-travando-lenta-curitiba,301,true,true,false,false
https://tecnicocuritiba.com.br/problemas/upgrade-deu-problema,https://tecnico.curitiba.br/problemas/upgrade-deu-problema,301,true,true,false,false
https://tecnicocuritiba.com.br/problemas/vale-a-pena-consertar-computador,https://tecnico.curitiba.br/problemas/vale-a-pena-consertar-computador,301,true,true,false,false
https://tecnicocuritiba.com.br/problemas/vale-a-pena-consertar-notebook,https://tecnico.curitiba.br/problemas/vale-a-pena-consertar-notebook,301,true,true,false,false
https://tecnicocuritiba.com.br/problemas/wifi-caindo-curitiba,https://tecnico.curitiba.br/problemas/wifi-caindo-curitiba,301,true,true,false,false
https://tecnicocuritiba.com.br/problemas/windows-lento-curitiba,https://tecnico.curitiba.br/problemas/windows-lento-curitiba,301,true,true,false,false
https://tecnicocuritiba.com.br/problemas/windows-travando-na-atualizacao-curitiba,https://tecnico.curitiba.br/problemas/windows-travando-na-atualizacao-curitiba,301,true,true,false,false
https://tecnicocuritiba.com.br/procedimentos-placa,https://tecnico.curitiba.br/procedimentos-placa,301,true,true,false,false
https://tecnicocuritiba.com.br/quando-nao-compensa,https://tecnico.curitiba.br/quando-nao-compensa,301,true,true,false,false
https://tecnicocuritiba.com.br/seja-parceiro,https://tecnico.curitiba.br/seja-parceiro,301,true,true,false,false
https://tecnicocuritiba.com.br/servicos,https://tecnico.curitiba.br/servicos,301,true,true,false,false
https://tecnicocuritiba.com.br/servicos/backup-recuperacao,https://tecnico.curitiba.br/servicos/recuperacao-de-dados,301,true,true,false,false
https://tecnicocuritiba.com.br/servicos/backup-recuperacao/centro,https://tecnico.curitiba.br/servicos/backup-recuperacao/centro,301,true,true,false,false
https://tecnicocuritiba.com.br/servicos/computador-lento,https://tecnico.curitiba.br/servicos/computador-lento,301,true,true,false,false
https://tecnicocuritiba.com.br/servicos/computador-nao-liga,https://tecnico.curitiba.br/servicos/computador-nao-liga,301,true,true,false,false
https://tecnicocuritiba.com.br/servicos/conserto-celular,https://tecnico.curitiba.br/servicos/conserto-celular,301,true,true,false,false
https://tecnicocuritiba.com.br/servicos/conserto-notebook-curitiba,https://tecnico.curitiba.br/servicos/conserto-notebook-curitiba,301,true,true,false,false
https://tecnicocuritiba.com.br/servicos/conserto-pc-notebook,https://tecnico.curitiba.br/servicos/manutencao-de-notebook,301,true,true,false,false
https://tecnicocuritiba.com.br/servicos/conserto-pc-notebook/araucaria,https://tecnico.curitiba.br/servicos/conserto-pc-notebook/araucaria,301,true,true,false,false
https://tecnicocuritiba.com.br/servicos/conserto-pc-notebook/batel,https://tecnico.curitiba.br/servicos/conserto-pc-notebook/batel,301,true,true,false,false
https://tecnicocuritiba.com.br/servicos/conserto-pc-notebook/campo-largo,https://tecnico.curitiba.br/servicos/conserto-pc-notebook/campo-largo,301,true,true,false,false
https://tecnicocuritiba.com.br/servicos/conserto-pc-notebook/cic,https://tecnico.curitiba.br/servicos/conserto-pc-notebook/cic,301,true,true,false,false
https://tecnicocuritiba.com.br/servicos/conserto-pc-notebook/pinhais,https://tecnico.curitiba.br/servicos/conserto-pc-notebook/pinhais,301,true,true,false,false
https://tecnicocuritiba.com.br/servicos/conserto-pc-notebook/portao,https://tecnico.curitiba.br/servicos/conserto-pc-notebook/portao,301,true,true,false,false
https://tecnicocuritiba.com.br/servicos/conserto-pc-notebook/sao-jose-dos-pinhais,https://tecnico.curitiba.br/servicos/conserto-pc-notebook/sao-jose-dos-pinhais,301,true,true,false,false
https://tecnicocuritiba.com.br/servicos/conserto-placa,https://tecnico.curitiba.br/servicos/conserto-placa,301,true,true,false,false
https://tecnicocuritiba.com.br/servicos/conserto-tv,https://tecnico.curitiba.br/servicos/conserto-tv,301,true,true,false,false
https://tecnicocuritiba.com.br/servicos/conserto-tv/bacacheri,https://tecnico.curitiba.br/servicos/conserto-tv/bacacheri,301,true,true,false,false
https://tecnicocuritiba.com.br/servicos/conserto-tv/batel,https://tecnico.curitiba.br/servicos/conserto-tv/batel,301,true,true,false,false
https://tecnicocuritiba.com.br/servicos/conserto-tv/boqueirao,https://tecnico.curitiba.br/servicos/conserto-tv/boqueirao,301,true,true,false,false
https://tecnicocuritiba.com.br/servicos/conserto-tv/cabral,https://tecnico.curitiba.br/servicos/conserto-tv/cabral,301,true,true,false,false
https://tecnicocuritiba.com.br/servicos/formatacao-computador,https://tecnico.curitiba.br/servicos/formatacao,301,true,true,false,false
https://tecnicocuritiba.com.br/servicos/formatacao-computador/araucaria,https://tecnico.curitiba.br/servicos/formatacao-computador/araucaria,301,true,true,false,false
https://tecnicocuritiba.com.br/servicos/formatacao-computador/campo-comprido,https://tecnico.curitiba.br/servicos/formatacao-computador/campo-comprido,301,true,true,false,false
https://tecnicocuritiba.com.br/servicos/formatacao-computador/campo-largo,https://tecnico.curitiba.br/servicos/formatacao-computador/campo-largo,301,true,true,false,false
https://tecnicocuritiba.com.br/servicos/formatacao-computador/centro,https://tecnico.curitiba.br/servicos/formatacao-computador/centro,301,true,true,false,false
https://tecnicocuritiba.com.br/servicos/formatacao-computador/pinhais,https://tecnico.curitiba.br/servicos/formatacao-computador/pinhais,301,true,true,false,false
https://tecnicocuritiba.com.br/servicos/formatacao-computador/portao,https://tecnico.curitiba.br/servicos/formatacao-computador/portao,301,true,true,false,false
https://tecnicocuritiba.com.br/servicos/formatacao-computador/sao-jose-dos-pinhais,https://tecnico.curitiba.br/servicos/formatacao-computador/sao-jose-dos-pinhais,301,true,true,false,false
https://tecnicocuritiba.com.br/servicos/manutencao-tv,https://tecnico.curitiba.br/servicos/manutencao-tv,301,true,true,false,false
https://tecnicocuritiba.com.br/servicos/montagem-pc,https://tecnico.curitiba.br/servicos/montagem-pc,301,true,true,false,false
https://tecnicocuritiba.com.br/servicos/montagem-pc/cic,https://tecnico.curitiba.br/servicos/montagem-pc/cic,301,true,true,false,false
https://tecnicocuritiba.com.br/servicos/redes-wifi,https://tecnico.curitiba.br/servicos/redes-e-wifi,301,true,true,false,false
https://tecnicocuritiba.com.br/servicos/redes-wifi/araucaria,https://tecnico.curitiba.br/servicos/redes-wifi/araucaria,301,true,true,false,false
https://tecnicocuritiba.com.br/servicos/redes-wifi/bacacheri,https://tecnico.curitiba.br/servicos/redes-wifi/bacacheri,301,true,true,false,false
https://tecnicocuritiba.com.br/servicos/redes-wifi/batel,https://tecnico.curitiba.br/servicos/redes-wifi/batel,301,true,true,false,false
https://tecnicocuritiba.com.br/servicos/redes-wifi/campo-largo,https://tecnico.curitiba.br/servicos/redes-wifi/campo-largo,301,true,true,false,false
https://tecnicocuritiba.com.br/servicos/redes-wifi/cic,https://tecnico.curitiba.br/servicos/redes-wifi/cic,301,true,true,false,false
https://tecnicocuritiba.com.br/servicos/redes-wifi/pinhais,https://tecnico.curitiba.br/servicos/redes-wifi/pinhais,301,true,true,false,false
https://tecnicocuritiba.com.br/servicos/redes-wifi/santa-felicidade,https://tecnico.curitiba.br/servicos/redes-wifi/santa-felicidade,301,true,true,false,false
https://tecnicocuritiba.com.br/servicos/redes-wifi/sao-jose-dos-pinhais,https://tecnico.curitiba.br/servicos/redes-wifi/sao-jose-dos-pinhais,301,true,true,false,false
https://tecnicocuritiba.com.br/servicos/remocao-virus,https://tecnico.curitiba.br/servicos/remocao-de-virus,301,true,true,false,false
https://tecnicocuritiba.com.br/servicos/remocao-virus/araucaria,https://tecnico.curitiba.br/servicos/remocao-virus/araucaria,301,true,true,false,false
https://tecnicocuritiba.com.br/servicos/remocao-virus/batel,https://tecnico.curitiba.br/servicos/remocao-virus/batel,301,true,true,false,false
https://tecnicocuritiba.com.br/servicos/remocao-virus/campo-largo,https://tecnico.curitiba.br/servicos/remocao-virus/campo-largo,301,true,true,false,false
https://tecnicocuritiba.com.br/servicos/remocao-virus/centro,https://tecnico.curitiba.br/servicos/remocao-virus/centro,301,true,true,false,false
https://tecnicocuritiba.com.br/servicos/remocao-virus/pinhais,https://tecnico.curitiba.br/servicos/remocao-virus/pinhais,301,true,true,false,false
https://tecnicocuritiba.com.br/servicos/remocao-virus/portao,https://tecnico.curitiba.br/servicos/remocao-virus/portao,301,true,true,false,false
https://tecnicocuritiba.com.br/servicos/remocao-virus/sao-jose-dos-pinhais,https://tecnico.curitiba.br/servicos/remocao-virus/sao-jose-dos-pinhais,301,true,true,false,false
https://tecnicocuritiba.com.br/servicos/upgrade-ssd-memoria,https://tecnico.curitiba.br/servicos/upgrade-ssd-ram,301,true,true,false,false
https://tecnicocuritiba.com.br/servicos/upgrade-ssd-memoria/araucaria,https://tecnico.curitiba.br/servicos/upgrade-ssd-memoria/araucaria,301,true,true,false,false
https://tecnicocuritiba.com.br/servicos/upgrade-ssd-memoria/batel,https://tecnico.curitiba.br/servicos/upgrade-ssd-memoria/batel,301,true,true,false,false
https://tecnicocuritiba.com.br/servicos/upgrade-ssd-memoria/pinhais,https://tecnico.curitiba.br/servicos/upgrade-ssd-memoria/pinhais,301,true,true,false,false
https://tecnicocuritiba.com.br/servicos/upgrade-ssd-memoria/santa-felicidade,https://tecnico.curitiba.br/servicos/upgrade-ssd-memoria/santa-felicidade,301,true,true,false,false
https://tecnicocuritiba.com.br/servicos/upgrade-ssd-memoria/sao-jose-dos-pinhais,https://tecnico.curitiba.br/servicos/upgrade-ssd-memoria/sao-jose-dos-pinhais,301,true,true,false,false
https://tecnicocuritiba.com.br/sobre,https://tecnico.curitiba.br/sobre,301,true,true,false,false
https://tecnicocuritiba.com.br/status,https://tecnico.curitiba.br/status,301,true,true,false,false
https://tecnicocuritiba.com.br/suporte-empresas,https://tecnico.curitiba.br/suporte-empresas,301,true,true,false,false
https://tecnicocuritiba.com.br/tecnico-informatica-almirante-tamandare,https://tecnico.curitiba.br/tecnico-informatica-almirante-tamandare,301,true,true,false,false
https://tecnicocuritiba.com.br/tecnico-informatica-araucaria,https://tecnico.curitiba.br/tecnico-informatica-araucaria,301,true,true,false,false
https://tecnicocuritiba.com.br/tecnico-informatica-campo-largo,https://tecnico.curitiba.br/tecnico-informatica-campo-largo,301,true,true,false,false
https://tecnicocuritiba.com.br/tecnico-informatica-campo-magro,https://tecnico.curitiba.br/tecnico-informatica-campo-magro,301,true,true,false,false
https://tecnicocuritiba.com.br/tecnico-informatica-colombo,https://tecnico.curitiba.br/tecnico-informatica-colombo,301,true,true,false,false
https://tecnicocuritiba.com.br/tecnico-informatica-curitiba,https://tecnico.curitiba.br/tecnico-informatica-curitiba,301,true,true,false,false
https://tecnicocuritiba.com.br/tecnico-informatica-fazenda-rio-grande,https://tecnico.curitiba.br/tecnico-informatica-fazenda-rio-grande,301,true,true,false,false
https://tecnicocuritiba.com.br/tecnico-informatica-pinhais,https://tecnico.curitiba.br/tecnico-informatica-pinhais,301,true,true,false,false
https://tecnicocuritiba.com.br/tecnico-informatica-piraquara,https://tecnico.curitiba.br/tecnico-informatica-piraquara,301,true,true,false,false
https://tecnicocuritiba.com.br/tecnico-informatica-quatro-barras,https://tecnico.curitiba.br/tecnico-informatica-quatro-barras,301,true,true,false,false
https://tecnicocuritiba.com.br/tecnico-informatica-sao-jose-pinhais,https://tecnico.curitiba.br/tecnico-informatica-sao-jose-pinhais,301,true,true,false,false
https://tecnicocuritiba.com.br/termos-e-condicoes,https://tecnico.curitiba.br/termos-e-condicoes,301,true,true,false,false
https://tecnicocuritiba.com.br/valores,https://tecnico.curitiba.br/precos-e-politicas,301,true,true,false,false
